id,label
B07X74M6PT,377
B07FDRHFWM,323
B07MQNYJKB,519
B07GDQNZSV,529
B08X43BL62,556
B01591OF14,661
B01KV9T4RY,617
B088CY3NN2,168
B0002DHPLW,446
B07DC2KMFP,899
B009K8RHNQ,661
B07LBPMXLD,579
B099961CN2,62
B0828S9WFM,714
B01M0YWKJH,290
B07NYP2M3X,169
B079HSXYZL,650
B08DLSK75B,890
B07ZJ51C8L,677
B081KH2TVB,89
B089VLHHP2,127
B077616CZG,345
B017UOZGYI,846
B0938CX7NV,765
B08CVB5VJB,782
B07HFRMV1V,290
B07TTDFKT4,495
B004MBNDXO,480
B07YY8C5W7,766
B0053ZXNL0,901
B0040ZON5Y,109
B001VEE348,830
B07RJCX5LJ,341
B0765CBVT4,804
B07DLKVKD5,679
B004S8F7QM,881
B00FXWANSY,415
B08D6PX73N,42
B07BGSVNSP,770
B07CR2LJ7B,289
B07XSPY5DK,181
B07XZ8S23J,838
B004INQ65S,94
B000BQWHBI,474
B003EOZGIU,524
B07Y4M7P5G,874
B07RZ6VFRJ,322
0071548424,162
B097RW9KD4,265
B01CDGCVBE,838
B07T1MSK8J,914
B083DX3V7Z,519
B07F2T94MB,236
B07L646WXC,192
B01LZO63I1,693
B00M3P138I,526
B004TQNNIW,161
B07CW826VZ,752
B07S97JQRV,490
B08MH17F9V,901
B00AE9RE9W,770
B01FSGZ6A4,556
B07NC7P557,561
B07GRL1SFG,650
B083GBRV9J,1
B01CDM805E,790
B079566ZN5,598
B07LB4S8FC,234
B0788TRHG2,500
B073QNMS5J,843
B07KMH6NYD,665
B00NP27KMQ,64
B0885WWZTM,555
B0833BF6H7,731
B07CTZH888,500
B0140MQVI8,661
B07PKBBMY6,472
B01FH9EOTG,195
B07HMPRTXF,733
B08RHH3XNG,544
B07FM6PYN7,727
B00IAO4QG2,281
B01IIP5W7E,768
B01N5SSJ31,514
B0041U568G,499
B07DM1NZTJ,901
B08BKLQMZZ,784
B089CRW1SM,542
B08Q8DD8Y7,290
B00387EELI,272
B071ZN1BF6,217
B07KP8H9RJ,84
B01D1YLQP4,604
B094QK7WDC,832
B00TU5P33K,662
B07SJZ9X6J,843
B0016SMJAO,38
B07CMM5K9G,355
B00EAHJQTA,787
1879528053,136
B07L1K23X9,555
B0845HHCBH,99
B01GW2H9CQ,801
B07TWRR3PR,265
B00JRPHF34,866
B01KH7UXGG,545
B01K536ZSM,583
B08XWQBJV9,571
0241982812,661
B01LYMA5CS,60
B08T9VZDFT,709
B07NKZP1J3,854
B07V5WZZLZ,436
B06ZYLZ5W4,418
B00772D3C6,499
B08TG7T887,709
B07V9K5369,261
B01BHI1JI0,389
B0046ZXDG8,499
B07H91X3D2,774
B07KFK1NXV,136
B07PGLJVF3,19
B00777SH7C,697
B07YPXZHZW,352
B07TD81X7L,169
B00KSLBWJ4,411
B001TZ5OG0,499
B07NSNR161,893
B00B7V5Z7E,445
B07RJ1GG9R,438
B07VLKMRHJ,389
B01MA28HWI,644
B083K68FB2,605
B074PT4MC3,661
B07MFZQ5G9,572
B082HFSGHG,42
B07QG9DLGD,725
B01MYG7MWV,855
B0748W28CN,287
B07YSV9W4M,715
B06XWJ2K7B,587
B07T3M5C7P,768
B072BWWW6H,211
B075DN9C4J,910
B07LF8KN9C,320
B01HB511LI,499
B0874437JH,605
B07DVZ2F1C,203
B08J4G1HQZ,787
B07BDP3J41,456
B000IZ792O,625
B07NRBHVWB,547
B00PFGP0EA,709
B08D9NF436,210
B092YVBC99,499
B009LAJQVY,637
B08T254GFD,732
B07BMHJ1GL,913
B00D9K4SRO,430
B087QP6D91,102
B07SCGDZ4C,274
B08CR7PSHL,415
B071773TNZ,73
B07PK2F4R2,518
B01N7HJ0D3,90
B08V5JXJ3W,526
B01HFKNQ62,36
007054235X,148
B07Q1FDBTP,169
B07YFYKVMZ,167
B003DNLJ6A,668
B0849DKSRQ,261
B074271G55,305
B078JCZ7MX,275
B072MLP4T4,181
B01MFBVKDF,205
B0078X2HX0,483
B07WNKFGPJ,167
B06XKRWQVQ,303
1651404305,158
B01AUOVJE6,13
B00ICNF3NG,597
B001T7QJ9O,781
B08689G9MW,74
B07LCNRGGM,853
B000FE5PE2,49
B075NFFHJX,90
B07VWQLWSQ,224
B07H38QBV6,87
B0025YQUMQ,4
B01G3ZMXF0,429
B0895N1RS2,391
B08N5HWR12,455
B07GY3NJY9,171
B0075D32VE,743
B07XJN27NZ,862
B08HYL4BHJ,393
B00H28YG1C,505
B08ZCJB7J7,348
B06W9F7QML,769
B075D93C6T,294
B0738HBW7N,225
B08LLBCYCC,765
B07D9CVD4Y,264
B07KHHDJGD,866
B08P2Q83BY,708
B08BCLVLCN,516
B07X9VG6ZJ,394
B00004RFQ4,587
B07Z5RGLK6,406
B08K43JRBS,633
B07QR6FDGM,766
B06XHHD6JN,849
B00GMH7UW6,622
B0198WAM26,300
B076G6NGLW,527
B001QC3CKG,60
B091Q4RKGY,523
B08P6HBCKL,83
B01IH1Q2KA,901
B095Z25G2D,499
B07JJR4Y6S,497
B08KHCX3CW,338
B07FFSS8WQ,727
B01N5GK0WF,851
B08D8FYP97,577
B07SCKVS98,539
B00BGA9ZZ4,913
B088CJN5DC,493
B07JFP8JJS,556
B06XG5M61P,169
B07H8VDWNY,325
B07N92347B,171
B019NY2PKG,678
B08R5HP5SX,369
B07BKSG6SY,233
B085HKDVXR,21
B07BK53GB8,309
B07Q3BXCM4,290
B07MLYHRQ9,758
B07QZP6HZ8,721
B079Q89RZX,699
B082XJ7FM9,109
B00NMFIU3O,261
B076HQPDRF,171
B08ND7MKZZ,255
B079CHXL7Y,235
B07R7D8NZG,57
1496389581,156
B09C1YDB3S,560
B01BVF7PTQ,878
B07XL2MHL6,27
B084GFMGN1,388
B07T7XGTQN,811
B07VD35MXZ,768
B002BMC1A2,231
B07F3FBSYS,525
B01FWMGT7S,255
B08B46Q3CN,661
B01K3UM8A6,196
B07BKXYRZ9,697
B07ZDT5WKF,645
B07ST2WMV5,774
B07L39JX9D,685
B07C961NGZ,532
B08234V921,644
B08ZSF5S9M,725
B07KYGG63J,742
B000G64E9Q,814
1635306515,156
B074H7PQFS,809
B08285LCB9,870
B07GZQ4CNS,249
B01M4QYSVM,215
B018IZ7ODE,27
B07FM45GZ4,155
B003A8EL68,79
B005LW0BI8,91
B07JMKK31D,514
B07RQJYNTQ,570
B07KJ2JGBV,273
B002BKKK66,634
B003PBWZ4A,692
B07TZN5M43,261
B07BB2811R,325
B08DHYZ952,284
B07S5CPB63,151
B07P4R5Z6N,231
B00GRV5JMU,879
B01LX1P1AF,826
B07M8YGGQM,650
B002VK977O,458
B07SQWM1QH,160
B07QRG7L2B,729
B0883F75WJ,823
B08CHM5XQH,570
B06Y5F1V87,290
B09CLH1ZNV,231
B07H5YYZJ3,181
B07TZMH58D,290
B0051DWMUC,266
B07JPWYZN2,483
B07FLXXDWX,661
B07P6L3H35,588
B08F2XXNCZ,864
B0037Z6VKS,740
B076YLKTW9,694
B07J4TGG14,273
B00004X12T,622
B01M8IHO7A,803
B09HCVQKCQ,186
B07SD4K2Y1,532
B077T5LRZ7,318
B07Q5TFB74,850
B00ECOW4HC,415
B082S42WW4,29
B000052YOB,458
B071X8RLJL,396
B08121ZNCB,382
B00REPU1A8,123
B07ZRS5HGC,693
B07KB99HSG,327
B07MXSBRS6,319
B08XQQYVHX,605
B07G78JTPD,661
B001FB5LIE,556
B08YNCQ6BD,95
B00479UCQM,238
B088Y4F597,474
B01LVYJK6U,515
B07N67VB8H,697
B084TF1592,610
1400031109,160
B08MQNMPB3,784
B002UC8LXE,47
B0043E6PLC,901
B00V3LF5YG,304
B000R91CLU,480
B0794BC7M3,661
B09DG3HTD5,255
B00BRIV5SK,587
B07V5RNGSX,697
B078H468ZV,607
B084GWWPZW,438
B07TF48X2H,0
B089LV16X7,670
B07P5Y84NJ,657
B00B0DWCUC,734
B00342UIFI,63
B087F6MKFD,241
B07TB8DSWF,650
B07VF4D6GC,274
0312076223,156
B016PD4M1I,230
B07CZ91TZB,318
B002G9UDY6,213
B000UUKMLC,33
B00E3CU25O,334
B072L1PR7J,630
B091N17KHX,521
0545842824,901
B0768N9N6M,413
B082WJ439N,266
B078SYN71T,252
B0721TJS5X,6
B008ODNF7A,901
B01CGBWXFK,904
B07DCH43MY,661
B07MVYPF3J,291
B01JCNEIC6,629
006300030X,139
B07CYJW9SV,802
B079NPB2X8,500
B00QXQNZ48,423
B01711CIF0,700
B08SC8HDFR,641
B07RGRJJ4Y,99
B0727P9Q47,899
B07PLT22B1,408
B07QBVWFGC,910
B00IE5BWS2,882
B002BBAI2G,589
B07ZDJZ4RZ,552
B07VPC8ZSB,438
B07SK51WQS,838
B07NLZTKCH,394
B07VT2KT31,126
B07RFF7J4Z,365
B00KSQHX1K,915
B07Y4Z6LBD,121
B07RL48SRC,118
B06XDPN2VN,356
B075DF1HHF,279
B0969PNM4W,14
B07BWDHVBX,900
B01KXHH62Y,802
B07JBL6RR6,304
B07C8427SG,229
B07W8KJH44,52
B07BMBG963,355
B00BPE0DRU,556
B00OUDSD84,676
B07R7ZNCSZ,541
B002X50L36,340
B08725SJ53,186
B088WS6QRD,765
B07932Z8SB,340
B002LASBSU,331
1338193090,134
B06XYSK4QP,255
B07D6ZVDT6,676
B017NAH5WK,33
B006A1W2O0,125
B0832KG885,235
B0819X5JV8,595
B001E6KHAW,453
B07K289PHW,737
B0131LZQW6,125
1133612318,147
B018WF88R6,618
B085J24XZF,486
B00T8QWZ8W,195
B07Y83CY3Q,169
B07W9DT1LJ,13
B01N4F9A8Q,558
B076HDTFFX,218
B07BN3XQ3W,231
1452106703,467
161145865X,293
B07D3Z6ZVC,746
B07SXC8ZHV,282
B01J0WCHFE,616
B000YJMYPG,737
B00TBJSRLA,89
B08HYYS4GG,766
B07M9PJFDV,717
B0815FM942,104
B07F5CR5VM,832
1615371540,156
B076WSFFNX,413
B07Q83LRVD,290
B07GNFGTFY,642
B07C1N6L2D,215
B0747JKNP2,313
B0796PPJF7,168
B07V4NJ38S,69
B01FSS6S8G,300
B086WNFRTW,762
B08Y8RB3BF,725
B078LXDB9N,733
B076LL6Z8D,266
B07BF6WC88,901
B01M01W1UT,277
B01M06WV2Q,45
B07CZTYW3B,386
B07Y32SF2Z,523
B07CVMW68Z,871
B07XPWGW88,369
B00JMVLCQO,564
B07SZ9B6DD,279
B0949K2XS1,177
B08CVG6KCQ,870
B075XLWML4,407
B07XZW5XLQ,699
B07BPH2WQQ,289
B091F7YSCD,237
B00LHLH8GA,765
B08XGQHFK5,765
B08B8TV3TD,465
B07B8KKKPK,516
B009GG4DOS,118
B014JMKY8W,356
B07BHH848H,171
B091YPPV66,29
B00BT4VQ9K,687
B007D4R4ZK,461
B0982538PV,739
B082FKBB1J,690
B079GMB8CQ,2
B004IMS96S,235
B084ZZ3W49,485
B003BF21PS,393
B00717YEO8,465
B08MF3LYTY,802
B07GC1T27V,171
B0187HUQRO,263
B01CM6E3Q6,209
B07DWKQRSF,729
B01NAOT65Y,683
B06XDWRCSN,545
B07M763DC1,832
B076SSXNXC,274
B0012ZQPKG,513
B07N8K57R7,886
B084GVPBY6,793
B08MTMT626,82
B00NFUFQOW,104
B01MUHQ2VX,799
B07QCYQX38,339
B07YP6MMYW,195
B07ZM6FYTC,703
B07K9YZKQG,309
B07W14VM9P,203
B003OYMOWQ,755
B07G8B4NTT,683
B099F7HRN9,146
B07VXBGFJV,503
B07CJNBMP5,515
B0749PMFRJ,102
B012P7QBK8,823
B07PT86CHG,198
B00ZUY6XAM,252
B0789C52WX,909
B0763FQV3T,239
B077RZY8Z6,255
B000YQMWLU,61
B082TNQL5V,602
B07BB2L44S,154
B07WXLKX3S,629
B091G9472V,517
B0009YUI86,741
B01M0P5J67,409
B078V8K129,333
B00JGITUC6,448
B07FCBDS8Q,165
B00DJQ0Y5S,418
B0094D6FX0,836
1641522518,154
B072BWR3X5,169
B08J98CMY2,236
B0159WGSFY,182
B07R33FLQ6,519
B08766ZNKB,661
B07WWJLRPZ,187
B0781VSS63,411
B088QVJ8RY,473
B0871X7NT3,451
B08MFS5VSV,509
B08Q43DGRP,541
B01CTGT8C8,330
B095NSB3T2,494
B07W5SYWSF,7
B015QIK6JU,483
B07L3D19MY,151
B07TN8V273,552
B01KLT1IUK,255
B081N21MPM,647
B00X6Y6MT0,448
B01AN530NU,209
B08F9WCD88,493
B07KZMJK91,266
B01IA9E7J2,112
B08BHM7BJ2,390
B07YKH4T5F,650
B00SUEEFOK,899
B01GJ9EQ96,36
B0768ZDDV5,901
B01CQJHJ2E,363
B07RS512XL,171
1939754178,136
B07VVJB6XF,820
B08PBF8RST,397
B01ERYSRJU,56
B01BO88O90,445
B07V732RJ7,838
B009O2BXJ2,154
B07W3VWXLR,169
B074NKZ8C2,913
B092QTFS96,342
B07Z8CDXJ5,815
B097T5MS9R,612
B07SQWMPM2,498
B07M5B19LG,261
B06XCQKTKR,400
B081GG1LZS,765
B078N2HS5D,840
B007N6LIQY,899
B075SRW48D,566
B07BNGQ5V2,281
B086L5LF3C,721
B07MW1RY5P,846
B074W2VP89,215
B000LNOT80,499
B097D96XQF,581
B01HP3E5PA,829
B07S6N8TLT,357
B079B944C1,899
B07DKGZV9P,289
B07JH6PD4D,261
B07W9GP26S,497
B01M5EP73E,522
B081RQ9WSM,497
B07K1LWMQC,661
B089VTQ5YQ,685
B077GM4W11,376
B08WWXLT1Z,567
B00005122S,826
B07Z3CJQFH,572
B07XJJ37PK,293
B06XK816RT,705
B06XRFRDB8,888
B07WGS2YHB,169
B000056Q09,108
B07HKHRBYH,532
1442450703,155
B06W9KRJR2,499
B003VNKLHA,68
B083F5RJ5C,675
B00PK0TR4A,545
B06Y5B4YY3,479
B07NKFWTGD,769
B00IWYUNI0,413
B07F184XC4,111
B07M5PRLGS,661
B07Y9NLS5W,533
B08F55KHR7,776
B07B3Q4NJZ,312
B07ZDRDJHB,700
B0936CGMFL,247
B07WV89YDH,879
B07MF6G7GR,546
B0106IS5XY,408
B082PXSBST,911
B00HWFCJ7S,319
B075MLB6GM,901
B01LWA8J37,564
B08CK82Q3X,336
B093FCH29N,318
B01N6T4RJF,44
B07CVNRT8H,261
B08FVHHQPX,331
B07MNGPK25,289
B089M4TTG8,784
B072LDJ6V5,423
B082L4GNRB,382
B00SBXH84E,849
B0084A8HL2,150
B07HJF36QX,508
B08DVVKXXJ,599
B0842Z1L67,261
B07XH212FZ,107
B07TX879JC,294
B089PR6WWH,29
B07K9J597T,325
B0785K24K8,784
B07MVZTW8Z,846
B01JN5WRJ4,616
B0160DABKO,904
B00IJVBJO8,707
B07KR1167R,196
B00NMFY7KE,261
B097B7B8VN,62
B07K6WDZBK,605
B086V9K5F7,499
B078XK1KSP,249
B005K4Q1VI,413
B073WR319C,544
B07HGS1M7G,294
B014D1DBCK,123
B00EP01OM4,499
B08KGQ26LX,120
1641523883,156
B06WRPQQYZ,231
1623156122,866
B000RZHPOM,314
B01KG9P8U6,10
B004PULVOK,835
B07XNBHSH4,545
B07WC1VYHG,556
B07PD5VZ93,645
B08FDST7FX,548
B07CTTNK31,786
B00BT3MH9E,687
B00BFW8GAI,197
B00505BFF4,581
B09BFHFM3R,571
B07VBDRN83,78
B01MT2VE6B,269
B07Q3S9M4M,211
B07KXS8V7N,809
B01N5OXWJ3,90
B01MRNQ3GE,731
B07XVSPLW8,294
B07DFBRQZC,570
B07DXS2S5H,336
B07RYK52Y6,389
B07NJQFL4X,400
B081KVS1JT,499
B07XNXKFW6,889
B07QW3TG23,644
B078HB646M,734
B07TSN5YRM,531
B07W9563VP,254
B07X1YQ83L,688
B0836CM7KY,716
B0851FRC5C,112
B07TZ58D59,89
B01BVX80PG,389
B07HHP5C7G,528
B089RGRWJN,448
B07L9JHXJR,742
B06XGNP85W,835
B082282Z73,1
0800795423,145
B07T7NQMDM,650
B07L6QKYWQ,429
B07BDHWW9L,420
B0883B6N3Z,788
B00O20L29M,742
B003HB5VTO,50
B07JLWHTF8,203
B08QRHCHBZ,348
B00T1HSPP0,39
B07DQSNMWX,566
B07NSS9W9J,901
B07BLTBJJ6,799
B086JHJ2R8,862
B075QZHTGX,627
B01MDS1QDU,769
B07BMN7W7V,129
B07GKVBQDG,117
B00LZSJ642,802
B01HUW7D1O,606
B079QKJ7J2,247
B000PDNKFE,441
B005LR23MA,711
B07K5SM2MP,294
B06ZZC4NTG,261
B000051ZOO,255
B07PRZNHJC,636
B00MP5A7SI,133
B07F7T7SC1,362
B003D83AA8,188
B01N6IYWVC,507
B075FSPPJQ,531
B005VQNP2I,479
B082WSGXY1,718
B07FNC2L76,888
B08PKV69Z2,542
B079TH64D4,514
B078SJ9Q8F,281
B07GFQ5B44,409
B0878BKSCD,582
B000LNOSFY,499
B019DMFO5Q,633
B000A5CLH0,603
B09574L4FF,382
B01MSC0N2Z,531
B00RN9R12Q,661
B07TQDSCFT,459
B08XX4C3SR,728
B081HXV45J,82
B00GR2X09I,340
B00HHXFQSY,121
B00008DDWC,661
B0836M615C,393
B07S1JR3WB,688
B085R9WV81,61
B09GK9P8KV,393
B07YGZ7C1K,388
0307278441,561
B00DW47NXS,825
1945256567,140
B00AAZJ9Y8,891
B001XCFP86,698
B07146H5VQ,581
B07LFYX8H8,312
B07WMMJL4J,532
B076PT3Q39,584
B07VCD1SRL,890
B08289XQKP,623
B00AJXDH62,109
B07QFBNXNR,319
B07NNJP4GR,289
B018UQLDTC,490
B075V2WCSN,269
B07WGXM895,702
B092DMS5PQ,479
B0798NG8KJ,843
B08CM1L6KH,485
B01JJ5CURW,657
B07L7938RR,339
B0889KQ1CV,485
B084D8LPL1,445
B087QNDJ58,102
B07M8YMJF8,415
B07JKJXC5F,255
B01N9ZVLXQ,86
B07WWLBWQ4,392
B08DCCZZDV,265
B07QXMGD47,501
B07FZRTJ2F,65
B017Y13SJW,389
B07T6XR9GS,466
B00CMKOVMO,388
B07Z526MTV,548
B0788XBX8L,313
B072J7ZXS8,190
B07FK64J14,824
B005BF1QWK,561
B07Y61JKZK,104
B07PWJ2SSM,616
B07W7B8KW3,186
B087WVCC6H,788
B08MZJW9Y5,708
B07433QCTC,710
B08R257HX7,492
B00KQFK8FQ,221
B08B9BS7WT,101
B00X5LVUMS,650
B07F8HMY7X,598
B07HNCDGZV,865
B093R85JX6,211
B07FY8KP87,265
B01LYV6MJB,637
B0993DQJK6,294
B01IA9FDN6,112
B00CQAYK3A,266
B06XCMJ6LM,802
B076QRP9SX,693
B01838Z9OC,901
B086FJW1QK,788
B078W9WM5L,123
1606520504,146
B0053XF874,303
B00VEYRZBI,739
B07HMTV79Q,668
B07CL845MY,605
B01MCULY6Y,215
B07H95F1VH,169
B08D3LCMRW,846
B01403HE5Q,206
B01N3VQWUQ,532
B071ZBMTBG,339
B07C5NKKSM,661
B07XTW933Q,441
B0190QVZH6,550
B06VWLSTNW,319
B002PEGT9U,879
B00TO6EIGS,192
B0781Z7Y3S,154
B00M1XIPKG,364
B07H5GX3ZG,169
B07MFR9DTM,429
B017YFJAHW,688
B07MXZQHH5,212
B07YFYBQBT,276
B07WFMZJT6,650
B07PXR54DL,389
B08R5LKBHD,607
B08NQ6B5B5,211
B086WPYPT6,90
B07D3FNVF4,748
B00RVMMUIK,742
B07PDQRKV9,127
B00H61ZBZU,502
B07V5H3LR7,290
B07PNH1TFP,184
B07JBZQG2G,901
B0015B2RAO,499
B07KXB7L5M,248
B07L2VGX2X,605
B07T5L2N3J,717
B081NXJSQ3,255
B00A2A1DA4,269
B00TBOCSCE,224
B07GK2GPWV,531
B07GCLTWP6,901
B01N52DUNK,899
B071R61CCS,820
B000PC71M8,661
B07GP947K7,570
B07SSXQT7H,84
B07PVLZRHN,530
B082STQKZG,474
B008IGB0QQ,432
B07QVPTNSZ,355
B008X8O142,415
B00NG16ETG,448
B01AS7P8KG,654
B07BWDJYND,559
B07L95FPVL,340
B09CH2HHXR,532
B07VQTWDLL,854
B07MJPK74R,321
B07KM3WHMH,690
B07T3PFP7T,661
B076L5MNPR,328
B0924RPYJ3,650
B07WR7BX97,643
B0030ZRSF2,477
B075M2JLL8,70
B08W42CWZN,863
B006543IOA,136
B07L1NY6BS,652
B07367716W,826
B07QBJ2G8Y,583
B07D7RKJYS,636
B07FY51R6J,570
0849946395,136
B07PZT7RJS,843
B01KH7UGFE,545
B08QRDLP6J,493
B000EJPL0Q,491
B009FOF0C0,661
B08CDRLJML,188
B01LTIAUGA,86
B07GXW481K,82
B01DWNKDUI,180
B07DXNPXBV,290
B0799HHLCW,290
B07MH5YJV3,757
B07SJ75TFL,823
B08QSNYKWN,797
B07NTSF2HP,499
B018H5UJLY,216
B07SC4GNNF,901
B099T2F3K6,188
B073VCS3YK,561
B092H8XJFX,14
B01MZ00DOD,627
B08MQ82TQW,802
B01IXFSJKQ,234
1641529679,145
B07T2XT9JS,235
B0777SQHNP,663
B07Y2PNLZH,357
B0815QVXG6,100
B07H2DJXGB,318
B07JMFLZLN,227
B01GFZPNC8,51
B079JYL16W,789
B07MFRSYHK,325
B07NCVYX2N,92
B000FGCWWI,48
B082F16M4P,556
B00EHSMH7A,211
B07QKVJFG9,8
B00FPQX89Y,803
B017V0GXNE,668
B07GW9775X,167
B07HQW9TQ8,352
B07ZRFDY2R,784
B01HXJ4ERK,531
B0791CH42J,294
B07JNJ34NV,224
B08T91ZWJG,798
B07XGRY396,758
B074WN7BSW,319
B006IY89ZA,555
B07QRBGRQ9,215
B074QTLC6P,343
B07Y5C3S2N,697
B01JPOLZKA,188
B08VG1QZV3,802
B00466A1D0,195
B07682HCCG,235
B077HRZBZW,55
B0060TE5FQ,838
B01MF72PPZ,97
B07S9W9GCS,204
B07QHVDFQG,661
B07KQXRJ9F,84
B00EI7DPPI,589
B07PWG4W4L,255
B078NHGLFM,15
B01N4U29DC,561
B00P8KHRIU,631
B01IAINPI2,467
B0756KCKFN,599
B00QTLU5N6,219
B097CQTFJC,532
B07R75TKXP,499
B01MZ4GRB8,574
B07R77WMZW,75
B01MSPJXF4,488
B07DDF15C8,413
B07Q4N247D,599
B07D8MTPH5,292
B00WQPXENC,699
B01NBEAISX,480
B07DY247VM,255
B07QLWTLLN,555
B08NWMXN7X,382
B0828VMPL7,629
B07JGTZ8XN,532
B08N3XLZMM,332
B083JL2W74,369
B073Q6KLGQ,681
B092VQ6PY5,807
B001E5E0T2,758
B06ZZYTHKH,902
B08DHZVZC5,890
B0097COM88,813
1585624942,156
B08V5K1CM8,270
B07N7ZB474,106
B08KZKCY7W,708
B07P62LD88,890
B07KSYKVNH,537
B078D75HMM,493
B07JXNL2F5,489
B079Z57D55,725
0593298942,100
B078ZDK2RZ,785
B093WRL2YH,494
B079RR6CC3,757
B00U2KYUAY,455
B0105MIFWM,418
B018K3HD62,104
B082WXRM3L,611
B01IU6RJYA,547
B081G69ZRC,291
B07MRNJWDS,492
B076BPSDK2,349
B088GSFFFK,17
B07RW8P1JV,293
B01I5NL1KQ,351
B087D58N4T,483
1939814545,685
B071J3W1NG,118
B07LBF18B6,232
B07886MHC2,302
B00WAI24CM,833
B08SHZ6Y7J,728
B01IK50F0G,543
B07FNQXN4Q,765
B0002KZSSC,689
B06XBT1R3S,342
B07QLR4G5P,532
B07X3RFJYL,802
B01HT9DERU,879
B0792M6181,115
B07FCTL85G,622
B000MS0F3C,492
B00115UPSU,829
B01MQX0AP3,330
B07L449CL6,322
B01KJEFJ4I,830
B06XWY27J8,499
B073ZKZVHC,491
B07W6YZP23,273
B07PWB9J43,740
B01N3LTS9A,339
B0784NY92P,89
B007FLTK26,251
B07F8WDDXX,529
B00280MUIA,748
B07MVJNXL9,629
B078LVD2GF,332
B01LWT246J,545
1579824005,899
B07WTCYCQJ,290
B00FD8H08O,11
B01DPSDKSC,109
B07YJ3HLTK,901
B07X2JNQCZ,583
B07PLM47CR,84
B00GT7YRZ2,872
B07W9FBKYC,491
B09DQ4XB4C,398
B017YABU3O,537
B07Y2956FT,784
B016N0V7IY,531
B003ASLJRW,154
B087BK4GXX,383
B072FK3V8X,413
B01B87TMOS,533
B087J8C4GX,49
B09B3RKDBJ,520
B07Q841QT6,23
B017MGI9WA,243
B0014GW1CO,454
B091HNM6DR,231
B083BHYY3F,887
B093DKCPKB,690
B07BN44KR8,802
B01BSO9IJA,266
B08Y5Y4G9Q,381
B07VGP5D8X,318
B083XMTCKP,879
B071JTX5MM,531
B07CL616BJ,661
B07R5T3X2G,829
B08LNNLNGQ,6
B00SS37KPE,435
B001189I3A,115
B07M659VWC,589
B01N0WHJZA,683
B07BFRMC87,562
B07955VVYQ,855
B078XY4JGV,472
B07DHWNBSZ,899
B00QSN2A9W,261
B07QGV9S7Q,843
B07HP2RGL3,215
B07FYRCW48,287
B07R9S1LBV,204
B0753NMHCK,118
B01M131B3C,289
B07MJ9V9SK,818
B08HK1KZGN,798
B07K1J1WJ3,461
B07TW4S7DR,523
B075ZRFKD1,196
B08TCL5RSP,788
B07WYG4PSY,570
B086FJRXVL,598
B078G7N8P1,690
B07QD81CY5,499
B00NMFTWD6,261
B07RGRSDVZ,182
B081RP4BFM,582
B07B91M7YJ,177
B07ZJL27H4,556
B08N5CTPFZ,238
B07XXX5QB9,844
B07146ZG1X,479
B07MKF5VHR,650
B00DQH1K2Q,858
B07G4X3X3M,872
B07HYYF5VX,901
B07BF788FF,359
1523501731,145
B07YQY249W,123
B07D6NC123,661
B07PQK9X9N,210
B084HL7L6S,239
B0858VHJ34,532
B00LA6MIIK,413
B082RLHV94,76
B07X2FFW9Q,522
B078J1888B,78
B07SXV7CTS,331
B002FQK8HW,810
B008DSKF0Q,765
B0069Z5PBY,737
B078Z842JT,829
B000RL81AI,499
B074V3WY21,289
B07YZW9FCW,478
B07HH9TF1T,56
B01M8KQD15,188
B00FF03SWC,698
B08M25XPPH,703
B076Q8DS1P,781
B06XGF7PHF,318
B00BL6JDUA,872
B003NX8CPQ,286
B08NGK1H5H,864
B00IMU1ZT0,76
B07JNFFXYB,415
B07L3BPY1N,365
0316111538,899
B005E0LBFY,819
B00KWBRPI2,665
B08C55RZQ9,727
B09839DXB5,890
B073VNVYLL,63
B00P7PO2GQ,57
B01N703D7I,899
B01JPG3ZQA,729
B0007A0AQM,751
B08H8N25FY,583
B071RMV4DB,190
B01NALRONX,487
B07QDV9SGM,620
B009SAAV0C,879
B00NLKLLUE,353
B07L4Y4CHJ,169
B07VXS4RBL,830
B016APVJMG,438
B08L6HJ4PD,570
B081YRGJHV,709
1891627805,685
B07WPWNQCQ,448
B06Y2JK6P8,35
B07ZDGPC2J,171
B07W7S2569,294
B07GXZZ6NF,61
B07DQX4D2R,773
B002VXFSLK,880
B00464EC1E,118
B007PPTJLE,741
B07W95HYPR,661
B07JK69NL6,293
B07SNFZ9Y1,499
B0051D2KTA,72
B071K9N5ZQ,353
B07ZFTFV6C,322
B07Y3YWH48,872
B0795FXXR9,611
B07MVXS45T,204
1443880655,670
B07VSZSRBN,901
B07RGM4MYB,218
B083F4KNSV,121
1932855785,84
B08LQVWYVW,650
B0051HFSRM,661
B07SFV4XS1,299
B079TTD4WL,189
B0711XWDJH,339
B07HYDB8LZ,693
B004EMGRMK,513
B01E9ALMD0,42
B00PG84W32,409
B07D29P5Z1,704
B08HGQ7H8F,843
B0814LDK3W,629
B07J4MWY3R,588
B07R2B1DLL,318
B01JPECPZE,534
B083K3CFNJ,679
B0060QSGJ0,670
B00QKW2BI6,261
B07MH9CH76,492
B07H2T188S,169
B07TXJQGSC,851
B07MWSW3TP,891
B07NQ14G57,523
B07WLMSXQF,406
B07HJFN7H1,544
B072JHQGTP,650
B07PLHLDXM,661
B081TDLF4F,868
B0814SV4JG,9
B00T3B2W9E,415
B07L5L37PK,394
B07Y3TMZJD,782
B087JN2N8W,347
B07WSVG48V,532
B07QC43BXB,89
B07ZN46MY2,484
B06Y4QD13Q,499
0316454486,151
B0752BC48P,607
B071ZN5QQZ,424
B098B95PW4,241
B07BHL79H5,289
B07PJN17GK,283
B003U82VTC,421
B073V9VHGQ,808
B07CX732FD,632
B08NRVSBLK,325
B07C7HYVR1,839
B010NY7AAA,614
B07BD13QDK,102
B08CXMR7R6,154
B07MGZ4DT6,383
B0863329SD,763
B07JCBPBB9,169
B06WD8HHJH,480
B078J46YSH,877
B08SG9MF7Z,890
B00KA2MKCE,379
B08B4722W4,706
1548100323,516
B082D9SR1C,797
B0118K5ZRI,901
B08JLSTVDY,862
B07FF92ND3,378
B01768IQFO,749
B07RDXB61S,791
B07P76YGT2,294
B07QDW326M,635
B084ZPHDF6,399
B078H89WJV,172
B077SMR2RK,261
B01DTGCMFC,674
B00FXS17U6,440
B08NXG8DD8,486
B07L55NBV1,262
B00JM5GW10,901
B079GVZ8W5,868
B084M82XTF,899
B001ET78K6,103
B0785GCMMQ,211
B07HKQVNGN,699
0763655996,133
B00BJ1KDE2,112
B01M25O8E0,890
B07LBPLPWR,289
B07RP5JMTC,775
B07YBRY2RL,838
B07JH5LCVW,339
B07W7F1SGT,901
B001KYVNOW,477
B06ZY4FV5R,219
B086LJW12C,751
B091KW7JPD,93
B00FPO6OPG,435
B0756PBFJT,350
B014W1C2VM,591
B00N272BRS,661
B07WC2SQ6M,521
B01M35S2CI,599
B08ZG4YRNR,261
B00VYLX894,852
B00E4LJC5A,900
B07MY9LXCM,594
B07BGTNNPB,37
B07CP736PL,308
B00P84Z260,179
B00012XC02,827
B01NA7VLNL,445
B085NZ2MSN,265
B00112AFZG,92
B07SJHNPPC,915
B087Q44H2P,169
B01MUGKSMD,188
B00WMRMW32,833
B00HV33NJE,109
B07JJXD89G,290
B008YEMVSI,491
B07JJ7G1G9,650
B08VNR5RLF,380
B07PS25DT4,876
B01M312UM0,806
B07TF54GM9,270
B00004TKHV,860
B002LYA06M,780
B00004TY89,915
B08TQPRB7X,275
B077S878B2,291
B00GJBHXHM,235
B00C2N9CP2,824
B07DKRTRB4,693
B079HQLDJN,82
B00AU5VRV6,121
B076SBVSBD,254
B086Q5MXYD,101
B07F2PQ81H,279
B07D99QJRS,684
B07X261KH4,261
B00W77BKEY,171
B0050IOPTO,275
B07P36WXJM,265
B01E820NNE,477
B07GPJZW7R,337
B085WJGNPQ,319
B07PGV6FBH,171
B07DNJNQ6G,760
B0047G19YO,555
B006568690,410
B01FYDCGZ4,499
B07FGKS4QF,414
B07KGCW56F,122
B08Z3S24P8,289
B07P25YFVH,628
B005TSTE6O,499
B07DPP79NN,209
B01EFGEIR0,6
B07QXV49YD,790
B000A6VR38,707
B005KMDV9A,646
B07CX6HQCF,901
B07V24TG95,516
B07V2GH9SW,261
B004I2I05S,358
B07HSNRGH7,876
B01ND407G2,543
B08252DJHN,129
B07Y82117Q,706
B07HKM166R,339
B07JQ68D56,795
B0829FC6HK,511
B00IF70QCW,402
B08K1X14PR,499
B06ZZ1PVW1,289
B07TJQX1XT,843
B0982NHVQH,62
B07VJBGDS9,556
B08K29VRWH,463
B07WRL1C7K,210
B071KT3LGD,121
B07K1W12W6,43
B07RPRM7PZ,630
B098MSMYR9,4
B07DT774FL,654
B01DTM5YYW,275
B005UNOTUO,492
B07YFTBR1G,255
B000H3UJJ2,192
B07FNRNC2B,862
B01I1SM2TO,413
B06XRZWDGK,723
B07CBHPBJQ,607
B07R5MKX3K,394
B082XS3PRJ,304
B0876ZGYP4,734
B01M2X4KM2,445
B07CJLDJVW,181
B07RZVPM35,593
B002HH0PL8,267
B072392YGD,483
B07N4DP369,463
B087DW3B5Q,844
B01IA9CHTE,112
B006ZTH2WY,852
B092RWGP58,400
B08ZGK7JL8,474
B077Z78YQX,719
B082J7NBBC,630
B077ZGS799,765
B06WPBLMZQ,235
B074F45K6P,120
B07CZFJQVN,302
B07BZP7T1G,165
B07TQLQCCV,194
B0829DTT3D,529
B0013NB6ZQ,499
1647397014,139
B001N74DE8,825
B08HCNNBX5,589
B01N1UT449,165
B072J7R8QW,742
B09BMYB77J,555
B079FSMQKH,531
B07FGW35X3,173
B07X7JRQKV,441
B07PZF4M7H,872
B087Z2ZWF5,455
B079R7ZWPT,340
B08NWHQPVH,722
B07PHFS6PF,514
B07BJN639X,190
B01HSIDBHA,342
B07G127W1C,82
B01F4WU5EE,534
B071NJWD8H,79
B0794TLRDQ,737
B07L2YFH3N,481
B07JHHM1BM,340
B08W9W41ND,629
B00569GU18,89
B00310Y9KI,837
B072MPVSQZ,635
B07NP1676G,363
B077VZNVRG,129
B00QM94RE8,549
B0061UKLKC,682
B08H5CTL3V,279
B07QRZ2CJH,316
B01KGE67UG,231
B0878T6RH5,802
B07VT3C7DH,318
B07HFTC8PR,409
B0823K1FY1,49
B07GYCMXPH,270
B00IAC19FA,48
B07MTVGM83,378
B00JKOOQUC,118
B00DP2U1EU,499
B01N5Y7BOE,299
B07M7PVH7N,826
B07XV8JQWY,265
B006OCGSCM,430
B07L6WCGLC,215
B082RMTMJJ,345
B01NCAECG1,414
B082WQZZXM,806
B0763QRZKB,339
B07XRXCMT1,133
B017QL8WV4,661
B00GD4WNHA,237
B007JYYPO2,531
B07J3DDZ9Q,238
B078FM6NKZ,344
B07MP396ZR,261
B08FXBR84G,192
B081FTXL87,629
B079VWJ5GN,345
B071Y2KZ3J,650
B07N1CXKJN,728
B0886GWC6R,899
B07VM968TM,648
B07Y3ZSZWZ,500
B07BGT7S4V,136
B01LZ0OG7K,345
B000BGV3YK,342
B07Q5ZB9LJ,289
B078V1W1F3,658
B07G34PXR6,173
B08ZHXS39V,255
B000Z94X22,499
B00FNFAFY8,547
B07RX8T75K,657
B07Z2KML9W,169
0358353971,670
B00E9NJB1S,414
B08F76ZLG5,436
B008DBRFBK,645
B07Q1K195S,872
B07KSQH45K,389
B077QP66FZ,55
B085RYM98G,319
B01JOE7RGM,447
B08L866L9N,530
B075JNX93B,249
B007QOKH0G,266
B01AMAONJ6,514
B082D88F6Y,499
B074PW9NBL,237
B07M93WYKM,232
B07R5HW85V,261
B00XBOXVIA,625
B07Q5WHSBD,517
B07TVRKVQ6,188
B07SSNMR7C,605
B07CMMZS3T,685
B08WCQX4KG,564
B0013NB6WE,427
B086C4MNWH,661
B075V2L918,529
B00L8VOZR4,662
B00Q9QI24K,293
B07BNSLC7G,204
B07DL4QY5V,647
B06XHPNPN4,588
B017OMEQJM,774
B0788377FP,276
B00CZDTNP8,29
B01N6SA8HU,776
B01N4DPWSN,121
B07Y7KSFXJ,405
B07FY38D57,845
B08B5XKFB4,846
B01N6ITJ4W,772
B01J5ONC6U,349
B00CX5X430,901
B06ZZP7J7C,415
B075KFBDSJ,752
B07VRMHQ8F,499
B00KY3YTVY,605
B07SJB6PST,818
B07RZQMQ92,40
B08F27P2DK,82
B07XDJKQ22,797
B07QQB7552,382
B07PV12D34,469
B07J2NLTLV,203
B08VD47R7B,532
B07RXXC5ZW,237
B07Q7GVZV6,543
B0751TH26P,250
B01LYHYHEA,235
B003U9V7RI,495
B01JSACEOC,308
B07K6KZLF7,531
B07QWXX1BB,331
B00HVDFSQ0,651
B07CNPC6LS,534
B0786SF8J4,56
B00PD5QKV0,261
B07H83RJW3,162
B009Q76TVW,121
B01HSGTR0M,249
B00Z6DS96I,590
1592339050,145
B00002NB4C,825
B07J4Q5FFQ,313
B07CX1T4D1,235
B07SK11VM2,581
B08NVB8H7L,309
B08NV4XQQW,843
B07Z4R4PR9,567
B08JGLDT5P,275
B075N1H545,273
B07SXDD4F1,555
B00HE6738A,42
B07VYPFZ9C,556
B01ENY77MM,201
B011A9BHTC,661
B085LVV8R7,394
B07ZHYY6P9,695
1503904911,151
B01GKWEY9O,409
B07YY9K831,680
B07XGDMFTW,250
B00FWR55BK,238
B07GBQFXBF,699
B073XCVSPZ,203
B00MS7V15G,637
B00Q541B2G,413
B07DB2CP2Q,75
B07N2H2DZQ,190
B07MSH9ZDT,385
B017IT8U2U,594
B07D8L65C7,340
B01CDFD1A0,262
B07N81G68N,876
B07QLC6L1Q,238
B07XYCR1GQ,145
B01JD8CQFG,299
B01HMCXHFS,828
B085XZLRYR,387
B08CTL5NQK,411
B07BD2RVTD,661
B08DXY49B8,519
B00LLS8VR4,249
B01FB6DL2G,25
B07LCHV2JZ,238
B07VQZNHS5,73
B07PBZTXQF,529
B08888VZBR,566
B07F8B2DL6,869
B073HDL3JX,339
B06ZZDC1VB,544
B07VZL3L5V,171
B08ZJ2J2B2,255
B003UEGZNE,480
B07S8P2ZWK,72
B0094G35L2,561
B01K33AQNO,515
B004LO2AIG,881
B06ZYTPJBP,522
B07P8TMTXZ,607
B0002YKBV2,514
B00WH3CLFK,696
B08B3BPCN6,167
1452106193,670
B074QX673R,544
B07LFXHBKV,20
B0847TWVC6,750
B0914ZKKBL,460
B06XZ15Y9Q,725
B000LKZ3GA,419
B07BS34R6F,210
B081PR54N5,392
B07H8QVCV1,730
B001G4QXTQ,361
B01M8L2MXT,803
B07PXB4LW9,309
B084QFYZBX,441
B00CIR50TY,830
B0083CK9N0,850
B07WDR7N3R,860
B07J2ZDFBL,319
B08DTHCKJP,864
B00DMI23FC,879
B0052OX876,866
B07TL74L3W,169
B08887ZJN2,648
B00URLTUXU,636
B003B6LS9M,499
B08L8ZB7P3,890
B0827RMCQ3,661
B0823JVKRD,258
B01N52GRG5,605
B07Z1TWWWP,532
B089B79CDY,556
B07DFGGQZZ,532
B07VWFFQ15,167
B07MD46V76,264
B08X26WWJD,570
B07Z5CSKS1,661
B07QP6Q5LH,532
1449483186,134
B072Q2X2LL,171
B0711HMJSQ,423
B07F8LXLMQ,195
B01IMG6YI0,869
B08B132TYV,758
B000BQ79W0,679
B01DZQI700,621
B01E3EHRVS,795
B07Z6Q9NCZ,171
B07BRSYC3P,290
B07BJL2KLG,231
B07SDQDMZ4,118
B08JN9J571,567
B00Y5X4WOI,261
B07XGZW6WV,215
B07VVGFHF5,625
B01MG5A1RA,250
B00YXDVEYQ,712
B0002GOE6S,148
B01N3AKLQX,242
B07KTQC6HJ,339
B07YPY31FL,166
B098DVRQ52,399
B07PL6HQDG,145
B07FSRJ3C5,540
B000KHZ044,701
B07ZHWFD4D,232
B07PJSV198,338
B01N2P6V5P,566
B087X1CLHH,884
B07DLQFT1S,289
B0047ELN2O,89
B093W94535,708
B083M6M19C,564
B07D6VBXFY,499
B097HR2RJX,499
B07NKTSRH6,499
B00UN2K7JE,125
B00MUOIQ8W,716
B01MU54M3B,490
B0035IX5X8,905
B06VSK94LX,232
B008TT8AWO,249
B00J8MO8FO,543
B07JM4HSHP,60
B096ZL3VZP,703
B00024D8N0,513
B00D58PEE6,76
B003CKZPN2,901
B0817G5T6V,1
B07GZKBTP6,293
B000ZOPXG2,703
B07TJNPCXX,762
B07CKSVYQZ,785
B074HRL44K,27
B09D74YC8X,291
B00Y3QDOGO,499
B004I8WOPY,109
B07QH96K2D,523
B098XFGHV2,618
1729371353,438
B0104J21V2,783
B08S7NK643,742
B0721T1NCK,901
B079D7MHHH,231
B07MLR5WY6,661
B07DM6SF35,255
B077XNJV82,219
B004U9P6I8,795
B07NXZYYMS,231
B009EM694G,115
B010P9A9Z6,89
B08Y5JB6SD,560
B074YGQ24B,661
B083JPQY85,471
B074VDQ5M3,544
B075TKSLWG,632
B003UHCV4S,872
B07F43RM56,499
B07WXKBFG1,566
1950099253,657
1580084192,156
B07BJL4M41,231
B07125J2YP,246
B07YKLSMFM,534
B071NMTQ2J,235
B07V2RC9L2,322
B07WLT339J,528
B07XTQ14GP,1
B07B65GN6W,49
B0834S74G5,105
B096TB8MRB,382
1732327300,146
B07B7HPGDT,305
B0851D7Y5Z,555
B07B8R1Q4Z,479
B00CS4AAW4,415
B0895F73LZ,74
B07WKSVF6X,171
B07L9RTWRS,112
B071J3YPJ9,886
B075G5VB83,84
B084YPZH6D,23
B082FWLFW7,392
B01MZBE0L2,238
B074VCTR7K,544
B07TSP9854,901
B07D32FXV8,734
B08JPRQ5D8,24
B07S6R2HM4,893
B08PFDN4YC,129
B07SDF8CV7,626
B008PGKLMI,340
B00HS5V8A6,424
B07M7DPKLN,344
B06Y1B26BR,733
B07JB48B6K,842
B07B8QGGS2,572
B07CZQCMM5,77
B00C7BEYFW,319
B07GYGZNZ9,151
B08BHQ77FZ,481
B075VVVKWF,865
B077XNCB5X,219
B07CK724B4,583
B08K8RRPX1,869
B07ZQ4P8Y8,537
B006OCA4JK,410
B005BU5DCO,47
B082FDL2SL,23
B07PRSYHQW,581
B07SS74KD9,290
B07GJJSTQM,107
B07PDYL84H,583
B091BVPPHJ,460
B06XXQKYRY,209
B007X7SIDY,188
B08L6GTX7V,598
B00061EYRI,433
B01N6WLRB8,901
1538714620,132
B079JPCF4S,319
B076CGJ1TF,169
B08X4XMF8N,864
B08QMZXW4L,838
B07F6XFJW6,291
B07V3TR2ST,104
B07HN57DD8,344
B077XVZWMZ,620
B00NMFE0BK,261
B0773ZY26F,388
B07XKGRP5W,519
B082HLHLP8,854
B07FM621RK,487
B07SWLHGXQ,293
B06X6G3RCF,255
B07FMGCK32,708
B000NPSM0C,561
B01IH1Q1V0,901
B07XMJTWXZ,700
B00745IR1I,190
0578646943,151
B07KTX9G1N,407
B078HPMB91,349
B00EPD8P4Q,545
B07PHRN9Z3,2
B004VRFMBK,742
B07D2HPBP6,235
B0199SXLSQ,617
B06Y1X9M99,218
B07MMDFMW8,564
B07M82SZHK,239
B07GX2GC2F,195
B004LWTJNM,281
B07L9TZQ25,265
B06W549W96,683
B002DMKKM6,334
B077KC3P81,545
B08DG9BPQ8,818
B085Y8R275,276
B07TL9WJP9,58
B08N3469TH,560
B004LPHQP2,252
B08K4M7NDX,844
B084ZMM17F,650
B08FMK2FW4,571
B0102775N0,233
B01EVRFOFS,176
B01D9SZVKS,235
B019LIO7V4,651
0988872552,156
B00004W42K,830
B07F186RH4,255
B0194I0F5I,696
B07K2NZSR6,862
B00FY3SIKC,872
B0894KJ84H,481
B08CRVKLZ3,211
B076FT2MJ3,37
B003VYAGNS,66
B076KTJNVL,118
B01KH1IYC2,532
B0763QXZ6D,247
B08232DD7X,404
B08Y3ZYQSN,239
B073WM8279,172
B086QRBMQ1,84
B07QWT719W,84
B0759918GL,661
B08CV4GVKF,739
B07MF44YWP,387
B07Q8DST7D,273
B073XP8YFZ,417
B079QQT9XR,118
B01K7MX8O0,605
B081764BR1,272
B00VHLXAQC,628
B08F5T3F9Y,914
B07KX9ZMTS,248
B07GZV52DY,291
B01MFX87UU,69
B00KBZSYQ6,221
B082FZ91PT,169
B084D79PY2,548
B07T29DKQJ,630
B0084EH6VK,737
B07PQ64SFG,389
B087CP6GN1,766
B092JSG25B,896
0307457737,136
B081DD7TM1,341
B07FHB1T64,312
B01HG0A8EE,605
B075Q9V5N8,294
B01J65A26Q,307
B001B2SHCE,20
B07FMBM5X2,103
B076PZ6JKX,769
B06XSKZQ51,513
B07JHJV1KG,545
B01L1JK0VW,848
B07TVMKRR2,514
B07QCCNGRS,249
B001U3QT24,501
B07TRPHW7N,661
B07DXDV88K,21
B002LASBSA,331
B097YB4B27,474
B071VLWWZ9,442
B01DARPNMY,236
B00D37JQKC,331
B07HQZQ6M8,389
B07T2HQYK5,629
B07MDZ32XG,526
B00O6465J6,531
B08RC6B2TH,15
B078YZV9BX,631
B07L4D1NY2,296
B01M627T5H,451
B078QY9F86,814
B07PQ9GGCJ,770
B07Z7WDZZJ,40
B000QCM27Q,11
B00IF83696,250
B07KM9JDM9,249
B00C57SO1I,377
B00FH692PQ,89
B07N7XHDM9,876
B073S83GSN,334
B00SMJPSGW,251
B07LD8DFV5,294
B00GSII5FA,235
B08K32BRZF,849
B07J4XDM5R,290
B07WS2L4JX,115
B00ASWRIHS,360
B002VUIU0E,18
B014VI3NEQ,774
B08HYLSW3Z,188
B0968YT14D,583
B01F5CX0BS,82
B00SZ663D4,235
B07VFK28SP,249
B00NFSIO4S,537
B00QF5QRZG,793
B089KPWF34,532
B06WW7XRGB,545
B074B26ZCP,797
B0758YVFG8,261
B01D3Z321M,543
B00AL5XKI8,115
0062871773,670
B07JMMY628,261
B0091K54OM,194
B077YGZ1BW,292
B01BUL73X4,573
B07T1P8PVC,901
B07GXLMZHL,384
B0785YM2RR,425
B07MPQDD9Q,828
B07G3MNS3Z,901
B07ZV38JCH,665
B07HJF14W8,771
B083V2DL1J,911
B018A8L9C6,545
B07M8YF8G1,235
B07CX4SKZK,54
B07MTB5N25,241
B08R5KYDRT,410
B07YCQW48L,629
B071FFCWV1,79
B0788BRGZY,121
B00EKXELIK,356
B0756WZ2V3,398
B08VRCK8QG,501
B0751L3KP9,124
B08BV5MW1F,471
B0793GQGF3,286
B002JDUMFO,118
B07SZ9MZ65,531
B07B4KQVK6,122
B000V9VZMW,480
B0757JKRV8,82
B07NPJBQ89,13
B01LDRQ96C,338
B00DMAI9MG,713
B000FFMVX4,770
B06XRGBBXP,872
B01A7N9KPK,445
9123853999,143
B0915QRJ96,576
B07H7W58SN,663
B08YJVDGS1,788
0764300318,156
B07MVM1LVS,901
B07CT4XZN6,767
B076DLDQVP,473
B07XLHM9K9,637
B01N9GY4GF,409
B086YXDMZR,7
B077SNYQ2Y,558
B08Z4FH6KN,238
B07CG7VD7W,561
B07WNRQDXY,661
B07R8JS6M1,66
B097QLFX5F,195
B07Y58SFR6,177
B01EY4X8WO,501
B07M91JFGL,82
B00O62MT7A,435
B00MN2GF4S,238
B07YTDHPJX,389
B07HGLW1LJ,255
B00SXE2F0S,274
B00114RCJ6,14
B07CQJWJPY,313
B0071368WI,866
1786330520,154
B07PP3WM2K,438
B07TNMDKQL,218
B07FCK1YF5,570
B07YJVWRKD,579
B077187F2R,392
B07PDNN9DK,239
B003XQP60C,878
B077YXX1M4,679
B0771K7X5D,313
B07FF9FF3R,805
B000H91E5E,651
B00Z9HS7BI,663
B000FCGTLM,588
B019ETCT4M,133
B003S2DBSA,261
B07GNPDMRP,647
B074BCK7GD,334
B004D33ONK,862
B0019JRIP6,501
B00V98EZCQ,662
1119683890,137
B08PPVLMDW,635
B072R7NCCS,349
1439207178,132
B07JLK5NQL,575
B01ACAXB1W,802
B075X53G7Z,99
B003R50PKA,557
B078PLQ5QJ,289
B00ZAVHGS8,902
B00IQ073F6,289
B00ET6XAZ8,469
B0002DHPF8,756
B08L89ZGSR,255
B07MF6XYNP,389
B07DLZC197,612
B07FSKQ2B6,250
B07N22QN2P,165
B07RTKLSG5,99
B07XJLZQMT,186
B08DT1G7J4,499
B08KFVT63X,734
B08LVF7GX7,290
B004QCG8J0,765
B01I57SS5S,367
B0037UP9GU,877
B000A88L9E,679
B07M6KVCLT,481
B07VFM2LK3,1
B07SZ744QS,192
B08M7BSNNL,499
B074MNNGD2,318
B00FPGX7QI,561
B0922CKKG7,359
B07MXMX7N6,261
B0851WVTXD,290
B083LXX7DM,631
B07NQDBBF5,533
B01N4IV6O3,344
B00S0JR7DQ,913
B0044R1GQ2,467
B00U2VQZDS,117
B01M31R8B6,901
B08G4K1GMS,391
B000HOY9SS,899
B07KY5WFP7,614
B07GJ5XRLG,289
B07QDHXQWB,291
B076NK59NB,532
B085GGJPJQ,120
B07CXK9B1Z,21
B00BYA10F4,797
B07YYVYMSK,498
B00KMW5A56,89
B07F867BSM,899
1496355148,156
B00O5FLQ6S,456
B01LDNHFVY,313
B0054H3BIM,309
B076ZYVCTN,862
B01EHD67QG,410
B077N4VNS9,32
B078RFGJ82,294
B01LQV5JT8,543
B07RZPSQPB,121
B01H8Z28OA,3
B00064AG3G,673
B07SBYHVL1,320
B075WSCG6T,358
B07KRMRH7D,30
B074ZDJK91,119
0136504760,156
B009QYH644,699
B07VH4MDJR,290
B07KPX3D14,255
B07NRNZWYM,791
B01HIUTC9O,216
B00TRMAK98,342
B000F9O85E,726
B07MFRNVMG,603
B07VRN1681,911
B001OELY9C,707
B00DGLBCX4,418
B007W9GJQ6,770
B07P2CFMPQ,291
B00FBN1TKG,866
B01EKMN9LA,517
B07MH5ZQS5,640
B075NV48RW,255
B09786HW1K,570
B000B6QJTE,615
B086VG4WQL,127
B00ESNF3UW,450
B01M3YICP2,599
B082PTJ4F9,914
B07LBMG69M,182
B01DQ82UDC,65
B08HMDMXFW,70
B075CXQ9BB,193
B07H34RRBF,499
B01G5P4NYW,255
B07HP2Y9F4,12
B0792NKT7Y,876
B078GGJJV5,216
B07MWBHHJ3,532
B07JNJ1YLZ,289
B0744PLQJD,872
B07MRWPYJN,290
B07PVSR2J4,661
B07N1XJQ68,237
B0157DPOJG,872
B07D4DJLRB,107
B01L9J98X0,219
B00DSSOVJW,677
B07CM4SVNM,389
B0014JWTIM,454
B01MS3VRT9,313
B07PDBT7L5,84
B07FP4VH86,272
B014I2PG4K,901
B07N2Z7XX6,121
0310243149,146
B07ZVHBFNJ,679
B079YKZL53,901
B074K267LL,204
B07R9JJSLS,570
B07M6G1JQM,344
B07VS4D6T3,848
B072QBGNLN,583
B078H74Q2C,531
B07HRCFGK3,233
B07R5ZPTP2,190
B07QSK7DHR,356
B00B4YVU4G,77
B0759W1317,294
B07S6S79GC,890
B082VLGFZH,104
B075MNFS53,784
B07SKV41SG,702
0316460834,136
B01J4G74LI,467
B0014H2ZKG,454
B076H45H68,121
B07FLB2HDF,169
B003FGTTYY,558
B07GPCQZ69,570
B07MH5P1F3,219
B0826X5MXF,661
B078HQD8DD,824
B071NLD52C,454
B07HCLL7FY,564
B07Q3GRB75,293
0877792941,136
B001F51QHK,490
B071H4811M,751
B084SB7KTG,200
B015MNK9DW,332
B0170TFNXM,617
B07316MXKW,520
B00UMMQTII,650
B00S0R69TG,196
B07W1K5JNH,523
B06XHNNS77,497
B08T63CZK1,571
B091D99M2T,29
B01MRT3EGJ,620
B00AR379U4,751
B076BCDJZY,683
B000RL3UJA,566
B08BSGGKGR,312
B07SGDKGBR,294
B07WRSSSRJ,53
B01G7OYYF4,723
B07SN4V2Z1,190
B00B1X0UXM,396
B00DQCRGT2,725
B07FQYNBHC,340
B07DGR9SBD,250
B00BBMPUCE,822
B07P5W2SFX,378
B07M5M56FR,543
B00PY50DC6,60
B07CKGGN7Q,449
B074WHDG29,25
B00JUM59RS,223
B07JX73XX3,675
B07QH554TJ,678
B07RPB7TDS,535
B07CGC7NM2,514
B07RT6NN3M,913
B07F4259VD,255
B095P75RD8,583
B07XBGHSWB,259
B01EGO4D5S,292
B07DWV2TMG,557
B081V6QSBF,330
B07CCKW3GM,877
B0031IOXSS,798
B0155F6UHG,679
B07TK7V5N1,387
B00JGV0P68,77
B07M6XQMS7,608
B07N94FC7H,499
B08KGZ6LVQ,511
B07QCP6BKS,452
B08HLVL7VF,784
B00B7UYT1S,492
B08ZDNJ9XV,693
B06XWQ1MGK,231
B019XK28L6,231
B07MN6G7VX,235
B016DYBL40,87
B012BTF61U,88
B07F7SP7PY,599
B06XKSBLYL,448
B08931JJLV,373
B07749YNXF,532
B0719C5P56,409
B07L8VLJSB,82
B07FKYCNWJ,674
B08N4Q3NV2,844
B000HWS7XI,502
B077C9LG53,491
B071DDNK1N,349
B07Y69VWCC,335
B01DX34KW4,78
B07XPBFCYN,899
B07KMJ8JLK,706
B00L2TENZ6,254
B08VN9K61P,890
B07KM1PC4X,199
B07PWH59GR,564
B073V799T5,274
B07Y69KH3M,335
B004PBJWJK,868
B082SB84Z4,319
B07M7JSMTF,325
B07CKXVWPQ,540
B07TM75HF3,621
B007IXGY6G,221
0977797937,160
B083DM9XN9,154
B091FJ2M1Q,629
B07X22T8VR,886
B012JJ2EEY,555
B07XBSP6BJ,843
B000EQU15O,255
B07XVF6V87,596
B07W97DJHH,914
B07R3TNQDM,697
B07T24H5HV,182
B07QSB15W6,169
B07G9Q5TWX,901
B001H3QGJS,782
B07T37G9H2,685
B08BDS97PK,770
B01JIBO5KW,628
B07PF1MTPY,872
B07TB596SL,294
B015R3U1BW,210
B07FLHJSYP,556
B00NFU86TY,89
B07L6CMXYK,21
B07SDP3YYC,793
B08CLRYY1D,265
B01CR8A0UW,894
B005AFCX6E,340
B08CKR4ZQL,650
B01GP3JOIO,219
B00GJBI7JU,235
B00CRYOPMQ,501
B00CEILVAE,633
B07PKPMXMB,261
B01CW4CEMS,368
B07L6B5BJS,901
B08FM18BY5,725
B07THC1NRZ,339
B001Q8H7K6,651
B085MDYK2Z,526
B000VSWJ64,492
B07N2G4RX6,517
B0027CTZRS,585
B07WMZBB5R,530
B07R5KGN1K,533
B07QHYSZNC,186
B00SUWEZCO,118
B07HCZGB4G,69
B01AYSTZWQ,723
B088MXQW9L,913
B07WQT9D92,29
B08T9RHCFQ,566
B00005B9FV,123
B083D6ZJZW,688
B01CSSYLCY,169
B0855KNYG8,105
B07N7WSR83,261
B0893CVWVL,238
B00BOUQU22,90
B07RZK357Q,642
B00SMNLF4M,627
B07GFTYCTP,176
B07PP1YLDK,499
B07W99C9RQ,255
B073X41R6G,220
B0078F3NXG,318
B0099IBI50,90
B07L5LYZLJ,362
B0879HBTPT,486
B091965YM1,168
B07981KWSK,570
B07GWKDLGT,363
B08165MJWZ,838
B07F1JQSY8,243
B000TUOXCC,92
B0776YFNQX,265
B06WD8Z6BG,319
B00KMWBABO,749
B01I1H3G04,7
B07869JGHQ,290
B083B98Z6C,639
B07P9Y21GM,824
0128161183,265
B00TRAWKJ8,89
B07FC1QZWF,303
B093C1YFM5,278
B007W2Q9V8,334
B07PLFJYXB,512
B0972R8LTF,290
B07SDNTVFD,384
B07FF9W9NZ,356
B01M1RZ22D,84
B00GTXRW6M,29
B07F6QJHM1,634
B01J5GKMJS,624
B08F2KVRF4,843
B000AN3XZQ,344
B071FN96N5,762
B01JR462B0,358
B07CRBX2FZ,340
B09BV3RL86,541
B003B3NQYA,545
1492670022,142
B004PB8SRM,753
B07WV2G5NC,765
B082S182WQ,530
B0773RY5Y7,771
B00BP6BD40,250
B01J3TWIHG,915
B0933DFT7R,526
B07DH3QKMY,598
B07VHQ6RQ1,680
B07PNRZB36,219
B07MJPB9LL,800
B002A6PYNA,420
B000H0X9YW,340
B077BPB543,89
B07MDHK6ZM,347
B078L46LQZ,531
B07RRS7N5R,290
B07CJVH84B,275
B06XSJZTTX,618
B07NBHVBLL,661
B07QV3V4PZ,765
B08BV3H9PK,455
B08FD85K9L,2
B01LX398IE,908
B07ZS45VD7,500
B07MT975H9,288
B08WWYXP58,309
B077TCDV6D,238
B07HJWK33S,174
B08426B2F6,170
B07H7J4PBQ,735
B07L69RL4B,645
B00C85BDV0,255
B000EJPNJU,491
B07ZPNXNCB,169
1979414254,154
B09534NNHP,532
B07Q2WBXSM,593
B073VRXPY3,428
B07MC3144W,896
B01KHSVAN0,558
B016UZ7BGO,206
B07S9H98YC,221
B0756N8HSX,121
B0198WJYXY,340
B00AFX32LQ,492
B000RUQOOO,422
B08P6V8NH7,727
B008QBX322,699
B08MFJTLQ8,255
B01MT1J5UP,235
B07C8S3X2B,173
B01MSSDEPK,111
B07Y8C1NL6,255
B0084C1GX6,195
B07MFBZSNH,195
B06XFQM7BP,830
B083XMRTTV,140
B07RY99LXY,72
B07YLL89G1,545
B07JQCZX7L,199
B086PNBLP9,81
B07P6Y8Y24,533
B00061MWP4,743
B00JGRBSS6,765
B000ABGBFM,410
B00004Y8D4,831
B01H90GD6I,101
B001EPK2VW,189
B07PBZNFSM,651
B0974GK1DH,650
B006ZR8VWG,79
B07SSTSTRZ,574
B07QRVB2G7,261
B017LTFQXI,849
B07BPXR3MR,275
B07PGR2Z62,239
B01M037TGN,871
B00V7U2NNO,483
B07BX8KKVH,261
B07V9G6VY2,279
B07PNK9D9Y,692
B00MANEKWY,499
B0009XCKBA,852
B009WU7WRI,650
B075N2VXRV,316
B007R1BN56,750
B08718Q168,404
B00IAOAMKQ,281
B006Q1SRMA,661
B0098U0QC0,499
B07ZF79RN6,492
B0874RLZRP,308
B07GZ1RFR8,605
B0948KZCQD,42
B00MNFRMVK,830
B00152AGCY,344
1454938684,160
B00NH1W9BC,107
B000OUY2QO,631
B0009K8PS0,879
B0885RN8FQ,388
B07CGWQMHT,661
B01LZ3TV5G,332
1524745626,771
B09535DCHJ,532
B07X8X8DTJ,843
B00LPMGUMY,699
B07L2PMNWX,273
B07QN196V8,837
B008L13UBG,410
B07G3FKTTP,477
B074Q3DSL7,248
B07QD1SF7G,11
B079T9R4RP,436
B07XGH2NP5,862
B08MVNR5X6,650
B07TDDSJ93,388
B07FKFCMDN,849
B072KCYSQM,479
B07Y2XYPPG,294
B07XYW7F57,588
B07X1TSDTH,491
B01GJKDP3I,570
B009SBAYFI,815
B077YDC48D,424
B00LO0UM2Q,661
B07M7CMKYC,319
B0861ZN527,182
B07PN9JNKV,169
B07T9618HC,270
B07Z674852,294
B07ZQYRC27,650
B0922HLXCJ,2
B07XCK2PSG,784
B06X92ZSB5,342
B00008WU9F,590
B07V85FMRL,84
B07BR6LHSP,247
B01N0GWQ0W,249
B06X1G71LS,543
B07M7LZJY6,255
B075H11579,469
B002XQ1SXW,76
B07Z4ZRNPP,843
B07TXQH7M2,15
B076263GLB,550
B08FT236TM,373
B00BY78O60,421
B07GTMVT5T,352
B0859T43CM,8
1647221218,142
B004LB45JQ,367
B07XVN8Y12,746
B07VC2C2HN,846
B078LC7GCX,220
B079D2FN85,339
B00BFCFV8S,499
B07F5FFB5Z,290
B075817MBR,211
B07TMRBYJD,235
B00B4UOTF2,597
B08JHYXZ87,844
B005GQQMUK,425
1433551780,135
B003PG0UE2,743
B0035J1A6Q,905
B07NPGM2P3,292
133779421X,147
B087CRWM8M,722
B06XKG4KLX,352
B07Z7G4YLK,299
B00TXSBGD0,261
B08CXTKY8F,886
B07R8JNHPD,837
B00XNYQ98M,809
B07F2NK6D4,661
B019929IKW,267
B089GS1VLM,703
B07P6ZGNT3,203
B07WP7MX2Z,738
B08NK957JP,872
B0736DG635,238
B00ID9KX5M,803
B00IYTXKBK,260
B07CWNTPBP,324
B00L2J3NZW,218
B09C83LSJF,474
B073RJTB4H,661
B07F78RCZ6,261
B004ZNDFIW,502
0062917609,146
B07G13Z9ZC,661
B073VZ9VRF,173
B07J69FK9N,691
B00IK1408Y,445
B08B671VNG,552
B010CFSUUO,882
B07XBVJ8XH,912
B081513QPK,683
B071DFM63N,40
B07S636JRK,568
B00F4JS3SS,707
B00OIBA3R2,661
B01MDKHTL7,70
B06XFMC17Z,581
B078ZKM3TP,195
B086KZRN8N,426
B07GZ7ZHX1,570
B01AMK30JA,515
B014YZHW4S,881
B01DZXINZM,727
B082BGPFTX,20
B00FWR4X5Y,238
B0037UP9N8,872
B00H3H0H74,60
B001ANYRGE,345
B00TSBPM5A,195
B00H35BV2G,112
B089NFFQSC,463
B07CFPJQ1L,344
B075P1VZVL,545
B07XC5YP9G,26
B07QHWK388,533
B07NRZH5Z4,84
B085B1YYY6,876
B08J2SY8FM,169
B07BJKX4VQ,235
B002GJO6R6,480
B00NO9ULU8,825
B0824KDCSB,886
B08XJ9QK7V,400
B081VY18G8,843
B01N5TCXWM,728
B08628VNNK,122
B07FSFK4BW,332
B08VDBFNY6,688
B07CKR8M4J,291
B0040Y5LG0,195
B07MJP4ZQV,711
B07QK79CZF,0
B001PGXHXA,677
B07T9THQNJ,840
B08C6XV1HK,884
B002VQ9PU2,550
B01KHE26FU,289
B01N5T4PZ5,261
B014D4HPXI,53
B07FPY6NG6,901
B07KJLF3JZ,506
B086W61NTQ,626
B08CRTBVMV,567
B00C5LFLCY,661
B08FCGS7WX,265
B07R5R49B9,650
B07P3GT49V,911
B0779V6BC4,359
B00SUEMVSC,115
B0029N7R6G,852
B07BCKRC23,769
B081D65DSG,703
B08816VKBJ,684
B0029JW96I,514
B07NPWB7JW,100
B082PPGQLX,650
B01LW03BX8,249
B01BISCNCA,261
B0009I4MKW,89
B00WMLYRW2,556
B010UVFTZO,339
B000BC8ZE0,829
B01N0ERKPQ,513
B07SQRSX88,495
B01A72YBA0,235
B079MK3P8C,902
B07W5WB9TM,650
B00C7XSHJ4,499
B01KOCCBBO,514
B0040LJ060,499
B00BXTH474,154
B07HCGJVS6,219
B01LXMCKMC,533
B00NOIHFSU,825
B09BHMJMJC,669
B08MFRGZZX,444
B0772RJFS9,770
B07KX4VTNV,169
B07RS9H6SV,518
B000X2QGAI,749
B076BCL15M,650
B07Y1V7HHZ,154
B09CHL4H7R,18
B085LDH6HP,499
B07SMX5L69,129
B0037XAR9G,742
B08HRPDYTP,823
B07FFLDLDL,339
B087PVMX4Z,896
B07WG1ZJH4,903
B07NH9M22X,629
B08GN81SLF,445
B07H4LJVL4,361
B08922KQF1,363
B01MYXGKI6,255
B00146BLM0,499
B07KP8T4MX,558
B07K36R483,120
B00000IVAK,879
B08375Q9ND,377
B014LNSLQG,841
B08R649L6C,532
B071L8D4DQ,501
B07TJ1XVRV,308
B087C721YC,728
B08ZYB93ZN,638
B07SRRZ514,386
B00BECIB6I,251
B01CPX55O0,739
B01HVA4ENK,902
B07V2MQJRC,849
B00WE4GENC,181
B0000A33LJ,618
B08CV9VNHT,569
B01MYN9K5B,535
B096P7TLPC,807
B074PV8Y3Y,254
B077XX6488,404
B07L93HYWV,445
B01DZF5N1C,271
B06XKKR17N,833
B01E0E8364,689
B08XFVYWD1,382
B076C2CG9Z,111
1784880574,145
B07VDTMW1T,249
B07VKQ54V1,355
B084D7P286,555
B017OJLI82,305
B001229LC8,89
B0846R356B,705
B0744G8D3M,316
B07VHD4QJY,869
B07WPSQBK6,570
B01F9LM7NM,220
B01HZB9E9O,474
B08CCP9BB8,727
B01LZD6OD5,837
B07D4MVYM3,319
B07MBLN686,784
B07S9GX8J2,693
B091BY3VLB,765
B07V3F7SNR,383
B0819LZP5D,650
B07XFGD19B,901
B01AZ7JEBI,901
B07FZNL7XX,517
B07K35LYWK,126
B07GNZNNFN,505
B07M8RJC1S,276
B07QNK2JRK,320
B07V3HFV88,436
B0842V5RJ8,551
B0068NBY62,751
B07QRR6NV7,233
B0024NVJCE,331
B07GQLHGQH,901
B004YOEECS,142
B07L43BZTC,296
B083JVHMBW,633
1422144178,145
B01BEUIC1I,179
B07F6S2X5Q,802
B019NH7PT4,249
B07X1GY9V4,299
B07CT83B66,215
B014WXTYD4,582
B073Z4MJZZ,629
B0727VY5C3,216
B075FP87Q6,816
B081YFQV3G,570
B00H88K9EE,492
0316487945,145
B07RGNZZ5Z,570
B071S9M157,843
0439555981,133
B075ZFG6S1,499
B085ZDW3XP,661
B09DCT6HN4,864
B076QH694V,345
B079PDRLQY,76
B09C2T58D9,734
B07L4946L8,661
B07PCR7LPS,843
B00D765CP2,302
B07V6KTHGB,189
B07BHDZ7GN,843
B078YP92Y6,631
B07M94MP9V,793
B07RXH68ZM,886
B005HIOOYS,431
B098SVFXZC,838
B00322Y9QY,901
B004AI97MA,136
B005KH2ZUQ,344
B07QRRTBKL,232
B07NF85H6L,276
B010A7CEHY,330
B08MRZQF2R,117
B07S684QZX,366
B07RJB3JMZ,289
B084BNDZYK,448
B094GYHMNP,2
B07DN9RT9C,290
B07SG5PHYJ,823
B019ZJG6JU,657
B08FBBNPB6,901
B07JQX1XGY,357
B07VGL7X8V,715
B08318P5NR,165
B06X9C348Z,418
B07JKFMCGF,231
B002WJXWT8,253
B00GPAGO6S,915
B084WYDYLW,661
1259589544,137
B072V3L95C,237
B001KYDQUG,524
B08FZRTKG2,864
B077QM3PS5,298
B079HFJJ5H,319
B07C2Z21X5,373
B07DZW6GQV,112
B01GF5ACUG,400
B008XZMX7M,235
B07VQDKWRT,168
B07YLL9KKQ,498
B07NSYQ265,133
B00K44DITC,190
B07P9KDVPG,903
B076VDKKQZ,401
B01FCI8IU8,516
B07MX4PSLQ,255
B075CZ4TVS,292
B08N688JZH,523
B00NL9I3JC,550
B08R9MJH79,560
B0716BPHKH,287
B07ZD86BX7,394
B000GKU4CS,879
B081L69PQH,9
B07JXV8Z9D,901
B003XTWEFE,770
B0854R3B65,460
B07B6KC1PQ,514
B07KJRM599,746
B07FFMKQX7,237
B008DS0U8I,822
B06XHH2LNB,68
B07SKSZ36R,688
B00IANTWR6,872
B084VJMMQM,123
B01NBI60YY,215
B08X6F1B85,683
B00QOKOF5Q,607
B07T9FQZ2M,605
B00XHBT7BC,683
B01K0925SA,274
B085L52H66,501
B07N84YTJ4,405
B004FKNYWW,121
B082NMVJJC,762
B07HPJ8RFF,203
B07HMX6YSV,642
B08KS5B9C1,501
B07C5BPV77,503
B095J1LRGG,693
0323052673,156
B01N7QSXX3,545
0803660898,156
B01AXCGB98,540
B01EUVRMNC,856
B0006HVGTG,607
B016RYODDW,592
B07TXLGM83,719
B079J39C1H,445
B07W86YWFB,408
B079KDWMKY,719
B007V66QX6,813
1433545772,135
B00029WYDA,48
B00CRJU3JA,379
B0716KC8VD,598
B01MA6GYX0,219
B077ZLWBG6,282
B00280MUGC,748
B07T6N6H4T,531
B08CCPR6W8,581
B07JX9KKSF,29
B07L3L38MZ,184
B086HXJBPP,112
B07527YNXG,84
B01N5SROZ1,629
B01CJ3SCJ6,171
B07LF13C2C,96
B08P1KLMHV,146
B07TZ7LR3P,870
B0002J1FOE,740
B0060BANBO,812
B00J66M5SO,99
B07RVMBS9T,901
B01H3KV8UA,752
B000HBI9UK,109
B00JBIQO1Q,566
B003VQQGI0,524
B07NJLNP76,499
B07QPNQLWZ,169
B094W5T4D6,633
B012G3PPDA,585
B07XLMRNC4,405
B00AYZLWBM,97
B07FR24WSY,899
B07NSD63B6,385
B00DLGO8U8,415
B002IT6E5Q,334
B007OLWV7I,312
B015HIS7HC,213
B0157CSIAY,819
B003OT9WZ8,356
B004NNUWCQ,253
B07W63N5NZ,273
B01947QNNC,531
B0876HQ55Q,864
B000BMRQQ8,670
B0722YL4S5,668
B07DJ1ZD71,725
B078J21RSB,629
B07YZQFKNZ,501
B07CNVGK5L,340
B000UMN7C6,661
B07MQ493FN,291
B00ZG9WCKQ,661
B07HR13Q9Z,407
B07K7HLSMK,5
B07MPLKXGN,892
B07L1NWLM6,196
B07BR7NFDW,265
B07TLVNZG8,322
B01BIE0DGM,182
B019QBOG3U,699
B08F7WWGQ1,24
B0767Z2Y25,445
B000R4PWOI,538
B00014EB6O,499
B01FYJ6ICK,617
B07786VCX5,661
B00KVYBY8M,81
B08L3XBPTK,240
B01FRQQECE,729
B07C65R66W,661
B07DTB8TWK,532
B07TXM7K4T,388
B07CVFCGVC,675
B07BKN8LCS,282
B076KVPRF6,411
B08GZ159FJ,375
B00OKL14JQ,613
0578867400,136
B09DV46FR2,294
1634508556,418
B007BLNJEU,261
B0791KM6N7,421
B01I2FM3TK,311
B06ZYXDPWJ,261
B07R1TZN4F,293
B00EIHUTAM,250
B006T364QG,657
1496804562,135
B08XN2457C,294
B07TXG876J,255
B00002N93C,838
B074Q7MGZ1,609
B07LF73J2W,57
B0195BVPMQ,742
B07GVTCS94,901
B07QK2W97B,719
B07WHMBVTF,872
B07WFB2L4Q,274
B0719QGWNX,825
B07G4DRKWV,265
B01MSWDU9W,438
B076QL793Y,730
B016X3O44K,330
B00DJ5KEF4,670
B076BGFSMV,913
B08YJXMM28,765
B07GXRXLR3,697
B01GGPCF4Q,353
B07T36QSWV,264
B07QTVRD1H,261
B00ICHL9WG,631
B01HMCXHBC,828
B088BLWKHH,475
B01DLPUWL2,562
B07YC8GF47,718
B07Q9LT4WW,389
B085TJ3NW8,523
B07B6LQ2YV,82
B08HGHVPV6,269
B008MJ62P8,879
B07S8CZQW5,171
B01ESY46LM,217
B07NXW1S3X,66
B06ZY7BTWM,648
B081Y6QPKC,668
B0024SCJHS,415
B07YL8F919,575
B0792Z73LV,197
B007PQNEQ4,720
B0893595CZ,111
B07177SJHZ,497
B006XPGX8O,835
B07KJLMTCZ,37
B06XCGWZ42,913
B07F1QRTCK,710
B07Y2DJWQM,730
B083FLWC7K,899
B078RGBKN7,710
B07MQJXQ7Y,5
B081F72Y5Z,582
B06Y24QGGB,784
B00LSP1PE6,61
B08DBXZXQ4,492
B00RH5K26I,501
B07W7WBCNT,203
B0833BVP99,492
B07TS96J7Q,881
B07SWHRXR4,737
B07CNVYCKJ,188
B08JR2C7JC,838
B07QLJR3CW,66
B07FPVB2WF,650
B07R5YH7YN,368
B07G3BHQ2Z,362
B00BPUBF6C,723
B08HS45N13,567
B01HMCXB9K,828
B000M9NMEU,593
B016AEC63I,120
B07JJFLDYR,705
B0761YV6GM,410
B07T9L1G46,895
B07TF7T53M,169
B01LWZEL8K,292
B09FFXSBZ6,805
B07R57LQ1J,318
0735219109,151
B07Y5TGZSK,171
B086LBZTTM,762
B00ZB6SDO8,230
B08DD8QT6Q,96
B0192BVLKU,515
0762421029,659
B07Z2SP69D,169
B077XH61NH,901
B0002MJTZ8,678
B08NCX9BH5,765
B07SLBCNG3,870
B082P9CN5T,330
B07PF8NV7N,629
B08F56433D,621
B083TGF42K,818
B08P46JDHJ,492
B003UU6AQK,477
B0915TRKM5,832
B000H0ZJIG,751
B07RHN3NJ4,126
B00LLS5GZ4,271
B01IJNJ23K,105
B08HZGBC3K,275
B084DHD5X6,670
B072MTKTH2,250
B077555SQZ,235
B07RW9ZX8T,42
B00H4DCGDA,759
B0035LL8R0,58
B07W5QF7KD,261
B081QFBF1X,476
B07ND535FS,483
B08937GNKR,832
1401901840,409
B07R6BSMY6,532
B07FL86W53,294
B07D9HF6YT,250
B07X3HJF6W,169
B07Y7SCPF9,289
B07KJS13PK,122
B079PXM4MY,231
B07G11DCKB,332
B092VQFG85,369
B003OX9KME,901
B01IAFJTEY,125
B07MMQL2C3,299
B072KF7SRW,661
B07RF8ZZ1C,542
B0029U0Y3W,188
B08PC8L7HY,589
B07RZSVVLK,606
B07S31WJHW,413
B00LPJ14PU,834
B07MQVC939,289
B07146JM38,514
B00DZP5SJK,120
B07XL4G2DM,183
B00CA5DQCM,758
B07RH3WXHW,742
B004YDL2CY,661
B07BCKWPRW,88
B088829VF9,579
B084DBH7SD,840
B07F3MDC2Q,909
B00BH4KLJI,120
B00GURJZZI,39
B00M3HFODG,27
B01MFFL166,614
B07X5H7NZX,519
B0794XFP48,304
B07PNCK7KX,56
B004QRJJ0K,740
B07G34LL58,817
B07JBBL7YM,729
B000RMJANY,566
B07J55HYHP,318
B07LBG7MVK,313
B07WD8YHMG,47
B07P8M72RR,325
B07B42XGBL,689
B08B3K33JJ,486
B076HGHF7J,772
B0175D663O,120
B07MH1LRZQ,633
B09G3HPDL5,805
1365885739,151
B08X1MTQRB,284
1945256060,160
B07BM2WF72,604
B08DKYKJKV,552
B077ZDCK7V,598
B08DHR424B,632
B07KWKHL3R,635
B092QGCSYK,318
B07JKLSG69,594
B094VK267S,567
B074XDHFCX,289
B0878TCQ4L,802
B000N8TI84,235
B07MFJ8YPR,169
B01HD4EOTS,858
B01LXDNNBW,255
B077G16KKY,457
B07ZVHMRPS,735
B001K9Z4II,699
B00LOP3YCQ,422
B06WPBKYZK,518
B0119VA468,281
B07WD1TFT4,381
B083Q2BW9V,588
B00JG665O4,249
B07Y7ZQ265,606
B0176D7C5Y,291
B08CN5MZRS,728
B07SJCZQK2,284
B00S2XPQ9C,151
B01MZ2GEV9,803
B094JMWX41,465
B00RFLXE0A,402
B078FQ56XX,661
B07KS92JWN,304
B07BHBPX38,866
B07W958KVL,501
B00UBJ25YO,342
B087ZBWH5Q,492
B07CJH4T9T,9
B007CLX0KC,331
B0727V3N6N,410
B006P1MATM,827
B07BHWVF34,650
B016KZOSB0,465
B082W5Y6QP,487
B077N2M7ZT,477
B000EH2QP6,742
B07SPCVGRB,196
B08C33KRJ5,838
B08WBXK8ZX,737
B07RF1XD36,382
1501189972,133
B07JYZP45K,84
0063142937,157
B07G217MTF,320
B07DFNWB25,82
B07P98YKDW,564
B002BTED24,13
B07ZRXV15M,570
B07H2KTHGN,199
B0087UJB9Q,194
B010PEM0GC,344
B072KZBMXC,498
B0028SCBV8,692
B07W5Z65QW,299
B07HD447NT,261
B01KH7UEBA,545
B07T4FFXN9,13
B07FVP54GQ,843
B00G5I1T5Q,209
B0054QIHC8,255
B07BFK15RX,770
B07Y55F8HH,73
B011DX1GSC,482
B076J1JCCT,22
B08WJPPL14,499
B01N7HMX75,454
B07W5NZQ5J,532
B01L3YORN2,88
B07R44XP7Y,813
1442498595,160
B085NPG1YP,886
B08L4X39PV,807
B095YH12WK,728
B00G187CP6,89
B07TMPXDWC,238
B01C4K8334,738
B088T9Z4M2,704
B07W6JWSX5,121
B07CK7CBZY,194
B07DXH3CSG,579
B07G5CMRVR,847
B08LVRSH7F,331
B077VS8B4M,637
B000XQK2MW,800
B07QQTPDMB,799
B00767NASE,452
B00MFL9XHI,484
B01FX1FAH8,121
B0017OCEFW,464
B08CZCGF2J,638
B07RDMZ9C7,415
B083TJGJ9P,759
B079TMFXDC,650
B07MZQ6KVR,362
B07P8WPV3S,190
B08N53GF81,44
B0087SVHXQ,768
B07K453N4P,35
B07XHP3HPG,234
B07FH6T569,697
B07JN9KNBK,290
B07Z47BVYN,610
B08151MVXX,325
B08F9TV821,548
B01B7QLF40,830
B08BYWYXL5,650
B0774GXDMB,413
B089KSPBFR,485
B081PJFQ43,452
B007QVUYNY,434
B00CV39Y60,203
B01N974A5C,230
B07QMV7Y21,469
B08G9XGN7V,232
B07WDVJ7RH,389
B01DI9W9ZI,628
B0939YR618,722
B00DEJ39OI,901
B07RZWHL71,342
B07P8X9SLP,378
B077R6Y99S,765
B07H83TDS9,64
B07JX12SY4,400
B01801AW6C,10
B07B896XFW,242
B01HD82DQ0,547
B01J25A2PQ,75
B07X5Z8R4X,320
B00AVYMM2Y,345
B07Y5YBCRS,730
B07CNLSG8X,219
B08VMYXJKP,466
B07JVMRBCB,542
B00I51W3FG,564
B099FB3BRF,37
B0786ZW8F2,809
B07KD2D67H,407
1925418189,133
1629500208,670
B083GPXF8Y,866
B07S5D22SR,746
B08T1N28JB,548
B00OS7DTEA,112
B07XQLW1H7,402
B004UOL6DM,819
B000NWTX6W,765
B0731KG8KD,558
B09GM3WRP9,171
B07GRHFLGY,203
B00WXZJTS4,429
B07DWMJXNZ,693
B07R3B7137,727
B07TWVPBMK,281
B06XK7PM9F,52
B07G4K8V63,466
B09DVTDJT7,864
B01CJU8D20,650
B07QMVV1MH,31
B08SQK1379,714
B07MW21G53,788
B072QYMP4F,125
B07XX6S284,64
B0753GXD1Q,749
B089N8DF67,103
B000HDVIOW,265
B01N79FLMO,823
B015FT49P2,294
B07CB9DLVB,901
B07XY8WC98,294
B07KYRTR6B,736
0544609719,145
B0082303OK,424
B07DDZLB7L,230
B01BT02Q88,123
B00DI9UKZK,770
B07J4W246F,532
B07Q7SGS6Z,843
B076PLKPKR,842
B083J87FLQ,652
B07S1PTV6Q,308
B0818TP8PQ,47
B08XYC9HQN,707
B00JLDVFQA,190
B008Q1MCEW,243
B07T87MRB3,519
B06VT923LQ,411
B07W48RYSY,639
B012IGWZ1U,72
B07PGQ3JYB,536
B075Y96TVV,879
B01DL3VK2Y,261
B0769BDQH9,276
B07RZLHS94,299
B019GZ79IK,702
B07LGT2TJK,352
B072Q3NZN8,281
B07MV8SWZF,661
B002RI92GQ,661
B07K39R7TR,186
B00IARS5DO,490
B07X4FM76R,404
B07TKDRBQX,265
B07X981LYD,532
B06XKJ5ZJV,889
B00ECQTWJI,601
B07TRXXXGG,101
1641522720,144
B01DWJEI62,607
B088FJ31P9,641
B01N4HG3RR,332
B07LFZZXWL,901
B087M21MM2,16
B0987747WN,764
B001OPF5B4,372
B075WTGRW2,570
B00DURIGU6,415
B08PMPSM4D,37
B01GU9YC58,294
B06ZY1CS95,369
B086FS4B79,915
B086V83WGS,843
B07SJ3ZMP4,555
B07JZ2Y3PP,92
B00OFP88C8,379
B07CSBVTQN,514
B01N7OJVF2,344
B07MSKSJMH,232
B07WYJQ6LD,533
B01KQ9DAB0,429
B07JVQFQFQ,223
B07Y8FTPGB,680
0738754366,160
B00LW4LDGS,576
B00699S9PO,666
B083YVBNDB,232
B07KTDMP9N,339
B08HRS341P,492
B000B2KMSC,250
B078J5P5YD,334
B07NXLX6CB,668
B01KU1DGNQ,657
B01N34XW93,116
B07N4L36H2,171
B071PCTGHY,64
B07DCKSQ6Q,331
B07K8PZ6HK,389
B07KD233KJ,778
061877338X,151
B07D3ZSF36,683
B0010YAFCI,499
B07VS3Z6PN,442
B00VGMLHY4,421
1977855016,901
B078SH37VT,545
B01J374KT2,89
B01EDDCHYQ,661
B01MDJ56SW,280
B00W4TWD7I,112
B084XTK82L,901
B0757QSMPL,224
B0175D5Z6I,785
B089P2D6W1,467
B00652Y6MK,118
B00TOKD6NK,788
B01H5AMDIE,24
B00VQZ2MIG,68
B08L3XYTZX,530
B07G5D67L5,197
B01LYCN6A7,551
1621077799,136
B01N7KS80U,898
B00ZS7XX0Y,537
B002BDU8K6,737
B01F3896DA,758
B06XHSM3C4,901
B07RS2H9KP,231
B082XFYFQ8,55
B00JQRP1T8,241
B076KSSH8L,342
B005O31WMS,397
B07G5X4ZD6,293
B0829FP82L,340
B07MQF9KB6,238
B07RYWHSLK,169
B07WWNR4RH,650
B01HMXRVL8,661
B01ICVCCJA,265
B0009V1WIY,831
B00162MI8S,318
B07QS6MG8B,909
B016EUWF70,703
B08FQYJ512,608
B01MEHF30S,340
B085NTNJPP,896
B07PZWMBGF,663
B07WRXFST4,583
B081SZT3NG,32
B07QLP6X5L,15
B07B5BWXKF,496
B071D464QJ,690
B00CA6F5ZC,901
B083G9RY4H,150
B086F7426Y,448
B008SM7GWW,734
B000CPCOAM,261
1093545313,133
B07R7QPGM5,290
B079P8ZFPG,231
B003WOYK7U,463
B003HB2AFM,50
B07SN3DKSV,165
B07ZPDKPT6,804
B00FQRYE40,758
B0834NPNX5,207
B08JD6LWK6,457
B00LVMSU0S,66
B07SH9R4DM,93
B07PNRZ667,217
B07S48NPSH,283
B086WB2R7J,849
B000U5ZPJ6,468
B01CWXLMB8,836
B07MFWY7XL,265
B01IA1SJUS,17
B07B24SW7X,326
B08NJCPNS1,641
B004SP20QK,31
B091L2Z7HD,567
B0135YHWJO,732
B07WGMV68J,574
B07G79KS74,337
B001ET7KG8,103
B07BQZWL5Q,899
B07VTQY9X7,639
B00IJPKFXA,261
B00IZFNX74,353
B01M2CD1G8,614
B073TYNJG5,555
B0190BU9OQ,601
B01M213CWS,280
B07R6P3CHZ,483
B08CZ173SQ,154
B07R3BG375,830
B072F8YVWG,786
B07FLJT72Q,380
B00E3V3YX2,556
B07K9KTZFK,632
B008YWF97K,236
B07PNMHSTC,356
B0098QPV3I,116
B07J9KJ7WG,261
B06Y5HKM6W,108
B08L6HXLM9,570
B07FKK8SVH,342
B00HX2EVPS,826
B077H5KVSJ,703
0971919321,154
B09BMNGHXV,887
B005OLEZ06,66
B00L3NWF42,188
B07MYZB4CN,232
B01CU9X622,872
B07Y2K4T25,866
B0010TR6NE,266
B07GVNLD4X,42
B07GYXZXG6,630
B00MMPB6ZY,879
B08SVZ1QM4,271
B01MTZ4JHE,915
B07PJX5NQB,261
B07VK8DZ87,706
B0006UZXY2,238
B01E6C4G52,501
B00YTYI3LQ,255
B07NRT5GLD,872
B092M7SL7P,703
B01KTMGXCW,499
B06X9BL5K5,495
B083QRX9V2,783
B07N1BKKG1,481
B07CYKR9B9,561
B07BBV8FKJ,531
B0086MJE5Q,182
B07MDJNF6R,551
B07DFJJ5BB,154
B07MDR6KW3,277
B01LYNHTZ8,118
B07PMLHM6N,479
B08DQLFG4V,514
B08WD8Z9B1,467
B09C2J3SMP,473
B07LDD6S4Q,499
B08NWDMR9N,171
B00J9Q06NM,830
B0012U7H3K,342
B07RRB236C,261
B000H8BEDC,265
1542048273,151
B081B6KGMF,146
B01NB0G1V8,501
B08BHMM8V3,719
B07F6W8LX7,169
B004Q83TGO,891
B074WP3V7M,66
B00KVL30NC,737
B07XMGHX9H,768
B07DWHBS2W,650
B07CNZ5XVP,275
B00K0QNEMU,691
B07VPWX5GS,169
B08ND9Z5K3,661
B081MXH4MQ,661
B000IEKTZ4,97
B07MBTZB2T,661
B08F1V4PNJ,765
B08GPMZPYV,388
B085G3WN7V,560
B01DYRDZAW,878
B002I8ZE80,293
B07MGR16QT,290
B07LCC454F,289
B07MT67SWM,292
B01LDVE7CQ,167
B07PY2PWHL,374
B00LC4QAWU,348
B06X6B7FK9,232
B0861JW455,353
B005GSBCQ2,490
B006MLAUB0,866
B07ZPKBL9V,171
B01C5CRR0Q,808
B016D678CW,349
B07L1LWKQZ,318
B07Z4B7WQ4,61
B003Z6I29C,79
0975277324,879
B07BYF6G9Z,650
B00DW9IEZE,607
B002YJ5CHQ,499
B076HD13QP,249
B076CPKCBY,237
B0775WWP4G,319
B011S260UM,274
B079S12V5C,82
B00HRJNNSS,436
B077GFMBFY,631
B07CHFZXT4,699
B07RGMW8MX,565
B06Y2BQLQH,316
B0719D9YL7,377
B00QCCPDGQ,182
B00PTL3TOO,66
B07JQ6BT25,451
B07QQDL91M,188
B07PHPNFK5,261
B01FL2T3ZE,61
B099ZHVXQT,247
B07CP21W4D,266
B07PF2Q8RZ,517
B08TZFF2JX,418
B00J5K3Z76,103
B07SVFKPG8,781
B016W4CVC2,890
B0899M4CHX,495
B095SNP2FC,901
B07N6XQWDD,182
B01M4LVQR8,209
B00XJZIP4Q,561
B08D6B1FBB,716
B07BXC85HG,275
B01CY2MAKO,197
B06X95ZK6Z,526
B01N17LY3N,235
B07VHNHBXF,318
B07XZ1LNSM,384
B07SB92D6Q,71
B00JUMDMCC,768
B08997688D,493
B07S2DMNXC,198
B07SVYWGLD,186
B01I83FBEU,255
B07PLG4275,744
B07WRMXXNT,342
B082N3411N,858
B0016S8EZS,499
B07VRBKDGX,639
B07TJNRMB9,309
B00JFHDJ5W,394
B07HHTJV9M,294
B07Q568NRF,121
B00QMKWJLK,872
B06XNK9NL7,809
B078NHQXCH,289
B00GGWRIQA,574
B00HG0YZMG,499
B07ZCZR5ND,190
B01E0NA930,739
B0837HCS15,388
B07KNYPBBC,846
B000N2YKQ0,589
B0819QGTQH,850
B001IWONKC,613
B088K6MBTF,170
B001H19RV4,151
B07JGMJT22,290
B07FND8BM1,265
B07G7H3CFY,165
B0769YN12V,419
B00MS7UYBI,637
B08ZSSBQG7,487
B0002Z8WVM,79
B07TP4W8LJ,276
B01LXCN7UY,870
B07NQDFWTM,793
B077D7KSH6,835
B01LRDXZPK,778
B000TUCK2W,716
B00XHI1AGA,146
B00DQ6T8FI,483
B00MSR5EJA,661
B00470OSPW,865
B088C6KSZS,661
B00JZIDFGO,750
B07S67DGDQ,36
B07VR3X58P,139
B00LVUSVU4,495
B07WG6D32H,231
B07PFHK2CQ,532
B00101YEBO,415
1626251428,162
B076XLLCQC,171
B07997T6MP,715
B07L52DDDQ,382
B075343YSZ,396
B07CNYVDZL,384
B00CTIA5P6,552
B0002KHTG6,495
B01MR5DXEI,607
0070542317,154
B07GGM66XV,278
B09BMSMSH3,269
B0037E2EHS,192
B01N2SE9SH,851
B011AJRJZI,477
B07VF7C3Y8,91
B00DKY1O12,619
B07GC5FZDM,171
B09BQLXJWJ,133
B07RL61XMZ,339
B07CNKTLK8,219
B07HPZN86H,221
B07L7WVQT8,265
B0753QNNR3,374
B07V9ZPZ88,478
B0841YRLPY,65
B07H83S9NS,575
B07VXSKQJZ,573
B07XN49V8R,154
B0852SBZBK,661
B08XM3WMF6,275
B0932J5SKC,836
B072MK1CL1,154
B01DD00M3I,607
B08XYNQ59S,289
B076GH5LHN,219
B00LMKL5W4,348
B07WZVX3L1,500
0762760710,158
B00ZUY680M,252
B000UY86Z2,415
B07XKT5SDH,539
B075F51ZKH,294
B07ZHWJ9QX,366
B07BXV6P6V,589
B07DRP52W3,104
B07PBXM6R4,225
B07MQ8QQZF,855
B01DHVOGMG,362
B07PW1CDPN,261
B007TUQF9O,614
0735220980,146
B08MFP2ZVZ,776
B0074V3NFM,419
B0146PM688,553
B000I4PBY8,463
B071L26LG2,84
B07HFW1HL5,816
B07QML4L6F,846
B003VQQGIK,524
B077FYYK3P,663
B00XTTFI6K,124
B01N0Y1JFQ,558
B07BRKFS24,69
B07FK94DX2,599
B00LP36154,576
1908733314,146
B0035J4TM8,905
B07DFD3198,289
B00TQ0A316,94
B08DDH8HKF,499
B072KDNZC6,126
B085HHBW67,393
B07XDMNJD2,211
B07P42Z5CP,399
B0127MIAUK,262
B00M3E3H9W,846
B017WGSVXC,901
B06X1GSM9T,251
B07CV9FZY1,188
B0042VK1XY,718
B07D8M5DML,403
B08NVPDNTQ,95
B01N6F8L7I,251
B07JY7NKPK,238
0736960694,151
B07BZP4NPH,261
B078TTX5FG,234
B0764MRZLV,897
B0025YQUYY,4
B085H7S167,82
B013SSO70Y,892
B08SHK7TKZ,291
B083WDCGXD,597
B07QGBN863,238
B01MXZ5G1S,901
B00BLROB0Q,336
B000XB45DO,911
B0784TNLTZ,580
B01DEGYTC6,784
B01GC6UXBQ,101
B0716KXT5R,855
B07GT2XZ37,389
B07D3ZBGJN,339
B00IXIBPVY,425
1937558118,136
B01F74GT4O,611
B08CJ7P5CL,499
B07VXKT51Q,668
B019JKY1DI,661
B07DY3ZQ8G,342
B08Z41DPTC,290
B083J82GJV,759
B004O74Y4S,34
B07X92965K,339
B07BY6SX8W,270
B06XDFHVL4,589
B07GD3H6B1,294
B08BY6VHPZ,581
B012XF4GUY,318
B09BYS7M3W,15
B094NH9T47,650
B01M5GB2NQ,570
B07V2BTRY1,824
B086BP9RBG,120
B085DFDZT7,469
B01B53DQUG,76
B07QN172BF,22
B07611PN3Y,645
B00NB9XH6Q,690
B078GRST38,385
B004I613H6,751
B08XMXF1NY,294
B083FM2FQP,899
B074CKNR6S,462
B00WAZA6M0,545
B07YLTL71C,313
B07RJ3MFPC,211
B07PMLRZJ6,106
B07RFP2H18,729
B07P38F57X,102
B000B4KLLI,499
1790358523,156
B07H73DQXZ,220
B07J9KH3RQ,877
B00PCQZWBE,223
B00BPU6VY8,723
B06WWP3CL9,68
B07V2J141Z,391
B07K477XGK,261
B06Y4VMJYP,82
B00H83ZSYA,573
B00KTFVDQG,103
B08KDGMYY3,469
B08D7M2PC2,714
B07DFDS7N5,415
B072FG8LBV,716
B000GX3IIM,255
B07MB8JB2J,209
B014CGOM4M,364
B084BSL8Q7,890
B085HMC3VX,465
B07XMF5RK6,499
B07YNBWNK7,38
B07CCYFYHR,352
B07T2LGN8P,623
B07YNJGMH6,383
B01LY961X1,89
B000Q2UN18,754
B07RFR7R8F,479
B078718WVB,653
B07XP2V3Z2,413
B075FL522X,514
B08F2TTN1Y,338
B07Z82HTB8,885
B00RX4GF5K,232
B083F9769T,121
B001H1EPP2,707
B077XQW6CM,560
B08VJ778BH,703
B003BUWHA2,477
B00NIYV78O,477
B081FRZLQZ,342
B092SDR63K,533
B00KBZT6FY,221
B00GD0M7BG,679
B01G97JZ44,733
B07G2QMWFN,531
B089ZZS758,186
B07GS56X8P,569
B01080PTQG,770
B081ZRLFT7,652
B0837MGZNY,849
B01E5D02CS,250
B08CKWMS1P,619
B076MJYM4Q,67
B0743J21SF,499
B07TRCM1YY,594
B07H7C48Z9,465
B01M34S0EX,606
B000FS1UEM,255
B07RNDZJKK,246
B07PFJGCQW,178
B073P6RWY1,289
B071NW5WJY,334
B0176N79K2,29
B01MS65CT8,811
B00IK7KTHY,899
B084F8XVGP,72
B00DWKEHU4,591
B00KB8QRJY,342
B000YJ2SLG,120
B004FOENLE,404
B07ZBQ7ZFP,325
B01J3L0GU0,238
B07TZPVXMH,764
B07SVBHSSD,910
B07RCNQJT1,261
B07B3LR8JB,646
B07VTNZC9F,566
B08FGH4TLK,261
B076ZRMGHQ,340
B076PJ1JSG,607
B07XQK77LR,465
B084R5MTY9,261
B072K54HNS,412
B001F0KD3S,783
B0925TJ3JT,567
B000H3CP4E,143
B07TWFVDWT,255
B01E6Z3VCS,290
B095SZR8L3,20
B073X5STYC,227
B01FXQ6VHQ,490
B07MGMBKH6,264
B07TS9G9DL,231
1628603437,143
B07N8M7JCK,156
B00BLY1L7A,63
B07JCB933T,346
B07W81YB55,499
B071NLRNNS,661
B09GPK5D3J,294
B07L62WCC6,195
B07VNG9ZLM,843
B07KZBH5CZ,369
B004IN8ZHK,89
B000EQS1JW,255
B07R33CKR3,195
B07BCQDQHD,770
B07R18LMQ4,837
164876455X,145
B091DVRXNK,523
1328470253,151
B00025694O,499
B077XQMCQM,281
B01526DHHO,112
B08LBJXVSP,701
B07H4W1RH7,304
B0029JZMT4,411
B0772MCD8F,389
B07T5MDMRZ,769
B06Y3SC9KV,387
B01M8Q9VAT,211
B00LVTA2LG,237
B07HMYPXPX,304
B00D3KJN3O,720
B00XLFWYU0,780
B07K8Y4945,567
B0084HQU9G,338
B086H452WJ,499
B078XL9X8G,818
B015NJXE7I,499
B00MHRGFHQ,531
B07D6P3B3M,290
B071H45SLL,689
B077968RZ7,876
B075RDS7F9,344
B07SLPLM4C,505
B08RJ6XK7D,564
0134009088,147
B07HM8C9RY,497
B086Y7NK9W,455
B085H8JV88,607
B08D1W1NQB,418
B07GDKB76X,669
B07X1V58NM,103
B000MQ63C6,793
B00SMJO9EO,251
B07B31BJQJ,795
B07NQ737FT,111
B076Y2DHL1,238
B00UV3LL1S,563
B07FRT5JYL,560
B084YTVX7J,765
B07D2HHDQ8,853
B08MFRC63T,509
B07C8727FG,229
B07557Q766,661
B083JZRCSS,872
B07PLJ55Q5,678
B08FQQN4HD,15
B07ZRZQZTZ,115
B002ZVMXHU,634
B07YVPN75S,125
B00D981NIS,348
B00BW59JO0,871
B073W4WG2Q,266
B071XJ9HP6,768
B00TIRHUZE,641
B08X68TVZN,683
B0049MHU9Y,48
B00DE15P9S,133
B092VWX643,61
B07DFCLQTN,901
B08T71CV15,570
B01M58JEUN,188
B07KF756DP,303
B003XXTI0E,768
B09FCH482L,828
B00E9SRP3E,515
B09FXLGQ1S,548
B07CM9S69B,290
B07F2R24TF,546
B07DCSJ35B,694
B07B5PC8PH,508
B00FVUYYMO,829
B00PCQVHGI,223
1316618137,136
B092SBQDFS,650
B00OP8USHS,569
B07GZT8DLN,261
B07TKJ74X6,169
B002ZJ1364,872
B01DGMBHT6,605
B07V3QS2CY,473
B07J64GX1Z,211
B07JJTDH2V,318
0606234322,133
B016U4R6EW,816
B07DRGZMHQ,553
B07N9NK2WG,86
B07FDQ2HMN,581
B07NP6J8G9,296
B07DX61JTD,115
B00WTEB9GY,121
B005MI648C,477
B07PHYTZVN,389
B005GECIAU,463
B0045E5KCA,459
B08PQL84C1,650
B000PHGXRC,345
B002Y1N8M0,637
B08LMQCZDB,716
B004K4D28E,867
B07HHZVJNC,291
B00772AQD0,499
B073ZGGFGR,570
B07FNNLGMP,821
B091KL7G8B,497
B0786GCQNQ,214
B014BS26RQ,65
B07B4648NY,167
B07PM9FYT7,255
B0060E7EJU,814
B06XPLNLBH,801
B092J87N7B,400
B07WNG4PQN,474
B088K5WFBS,844
B07CKXQ5L5,488
B07F7JRV33,265
B0912PHSPY,494
B00BJH0SMI,190
B07GJC5LQL,210
B098Q5DLZJ,737
B07XHPPB9F,824
B07XHMPDBP,887
B06Y4BS9T1,572
B07NH1WDWR,172
B009E40Y4K,188
B00B0FV9M2,727
B01HO7O40I,556
B01NCZWP20,349
B074K3CX4T,332
B07NZW6YGL,115
B06XZVYJJY,231
B07C1XC3GF,589
B07WCQYDNL,318
B07KGN2NXS,695
B094DJYRNC,887
B07TJXPP3W,404
B011MEV6IM,159
B000F8TCFQ,901
B07JMYG6LF,679
B085ZD6BS6,661
B01BJH2TS8,235
B0747Y3HFH,572
B01DZSM0HY,89
B01FOVRANE,211
B08YB4JCKZ,901
B07R1KX5WH,283
B0159YQCPI,629
B083XBGTGV,730
B00ICBSSS0,899
B07D7WSZRY,195
B07X3C5KH3,612
B07Y81KMSX,556
1422186431,902
0300198140,151
B07PJYVM1B,201
B002KIFF4G,281
B01N6SFYGV,352
B091V34XR5,728
B07F86TS6J,7
B005E3P6G6,835
B071CPD3Q8,506
B00JWZY9AQ,435
B094918YKM,332
B08KT8NCGG,650
B07V81CFSQ,747
B01HQR0RZW,499
1592407455,156
B079TCYYQF,828
B07TQ7PKWN,552
B07SNRYBTC,215
B01MR2BOV8,235
B01MYA419D,274
1524761362,136
B01J3KZSG8,238
B07PDLM7SS,75
B07QVCXBQF,238
B07CDDCRKM,516
B07FWLL9ZT,420
B0767Q8991,650
B08JHY2W5K,463
B074SR7VG5,555
B00L1GHHV2,482
B00ITEDN7Q,661
B079WSXFHR,20
B00LUP45YQ,344
B087F6YP9C,515
B07BQL4WJT,531
B01KGE61K2,231
B07SYLCKRH,705
B008FV74QO,304
B07KKY27KL,513
1629980544,212
B088BBSGQ3,611
B07BSBL2B6,598
B07V9MGXHB,288
B09BHQC5BQ,567
B07RC9FQSS,887
B00P1Q0VMA,825
B07L1WC2VV,290
B000KKGQ62,737
B0778J8RJQ,273
B071KWGY4P,255
B08J6B8ND9,304
B01M1NHCZT,377
B07BLKYJD3,499
B081ZX6D8G,258
B07BMXDZC3,764
B083VWKRH5,175
B07VN718JJ,899
B000SKPJSU,419
B00UON2OLQ,893
B07Y9RSZM4,683
B0745BYWDX,82
B07FVLXHYV,402
B07ZYP6WXJ,269
B083FCNBXR,612
B082BBY6RF,226
B088FPQ6LV,7
B08D3CQH6R,802
B0192OR23C,298
B000GG16QA,90
B07K1WL6FG,13
B079B834PB,843
B07FFDDZVQ,255
B07PYLVSH7,265
B01401PX1U,899
B07N3BN1KS,86
B00K2RYC5U,413
B079NFFXJ1,747
B01MTAPB71,249
B001P11SCM,33
B0170GOCVO,89
B01D22J5E4,659
B08FLHRK5T,486
B003MG0V1W,514
B07VSNS6Q1,169
B083J4FQSY,558
B081V6QZGL,570
B079MCP4K1,535
B07XXJNSSG,414
B016VK2RJE,255
B08FT334NZ,853
B07NPCD6N9,204
B001NZPP6U,628
B07DCP6JPX,21
B01B6B8R3S,302
B07NXW16XJ,71
B07T3F9FWS,768
B07Q5MV1K9,340
B07JL2QVL4,318
B07WG6GQ7B,612
1425889883,146
B07H3CCNWF,213
B001GUN1PY,213
B07KVCPXGF,258
B00MYY8NHW,824
B01N5VX5EM,242
B07DNX91RS,332
B08FCF6VTJ,829
B08JZGWFZC,304
B087BXQ693,394
B08PC5C6QG,210
B00E0EU822,345
B07T6FWB34,217
B07KJYGFTT,385
B07QMDQ3YX,661
B07J2TGWVH,29
B0000014WL,154
B004UR514O,525
B010D2IHIG,279
B06W56TBLN,823
B001F0R68S,499
B07DXPLJB2,171
B01D3SGF6S,334
B07XZ1ZKK7,764
B083KZ7736,607
B01N8OWHT0,772
B07BSBVK9Z,650
B07XL4FW22,183
B07KSBRPXK,352
B0173R9YKO,853
B07M6P3FVG,340
B07VQFXCZM,545
B07NK8PM4D,700
B01MQY230G,601
B019EEUQ2O,901
B07MFZXR1B,377
B003VYVVHS,156
B073ZL2T9D,812
B072K2BFRZ,901
B01MY6YH1F,759
B01M0FY43U,128
B01MYH18UZ,93
B000BREOR2,499
B08XK49TWM,823
B07YGYQPRR,169
B00003GPDC,879
B078G58NDT,899
B071GRB33D,730
B08N222G15,261
B00SLVFJLA,272
B08ZCKHJ41,581
B07R7976BC,294
B094H6NT4Y,278
B07RWZJPZT,886
B07T7MNJLS,495
B07XHNP8FC,121
B01EBXI7PG,753
B09DKRWQGB,399
B07QYDSRLT,220
B074BFP55X,913
0399590854,136
B01LVXC6UZ,499
162315944X,145
B094CJVMZV,542
B01MR03XWU,375
B01BZOKLOO,517
B07DP4368X,906
B0742CWNTJ,404
B000GLNO3S,560
B07W4SN7N7,568
B00P2SHA26,455
B00L3NV0TS,878
B07YFR156N,84
B00OX8AIH0,901
B076HVYLK4,300
B087934D3Z,802
B07PGPS8X2,201
B07SYWGJF8,291
B081T2CN26,340
B07T367LYJ,630
B07MG12WN9,397
B07TB7H2FN,694
B07QMRRPQ4,165
B08XZ7G2B5,802
B074FT68KF,178
B07SLYVFFT,272
B0006MY7GK,151
B08B3JT8GC,15
B07BVMJ4R8,319
B07V4CW682,492
B074N4C6J7,876
B08JCZDTKZ,861
B07XHFYBZL,855
B07MKSP49L,49
B06WWKVD6M,186
B07JN9HY8G,289
B07YWX55SL,284
B07ZZRGKL9,86
B019FWQ1N8,483
B00369YWWO,545
B01351RCLK,344
B00P1G1GZ6,309
B07BKWWJ5Z,304
B084VPQQPJ,891
B07M7CB2BP,794
B07ZR6KQJW,548
B01L8GHS8G,902
B01N7VUOPH,913
B014Q2ZNCC,438
1948040689,133
B0765TF25G,231
B01AFQJRNE,467
B004YWXK1G,211
B096GCMH11,381
B0027PXSWS,605
B003XDU3IA,289
B07D7JWGD5,239
B071F9XF7K,812
B07RBPW8WP,515
B06XX2LKNP,201
B07GC74LL5,118
B000PGB9PE,605
B07GYTVRXY,872
B07WS7HGTG,304
B07SGWY924,290
B005IW3UAW,430
B0009FHJRS,85
B089P2XDWJ,864
B096YXZCXS,381
B074JDWTHC,264
B0891RPQDS,20
B08TBL9CWK,169
B07BLMQM61,661
B07423DRDQ,831
B01EBBK0CQ,438
B000BMT0YO,378
B082WBNR9Y,165
B008COOIOA,448
B07ST95G22,231
B07GHXR9BW,328
B07D43JL7T,872
B083BG9NZV,843
B07F7WP3VH,290
B07H7Y9YTT,759
B0009VQ8X8,605
B08NQ22HQW,650
B00MASFZ82,631
B089GQQXMF,479
B07L6J4RRY,339
B07SSFLRBP,123
B071W5HNLQ,683
B08FYCM7ZR,683
B00FX9GC5K,76
0316451401,156
B076JKNDH1,878
B01K3712K6,744
B01787L9UW,462
B07QMQ5YGK,674
B079Z3DX1W,171
B000MX5YCO,300
B00DL93SLU,396
B08LQTZC4C,514
B07MCGGYL4,579
B0891K7GH5,834
B081V5ZZ2J,558
B07CMZ89C2,887
B073H9VN4J,244
B07SQP2QF1,318
108925380X,154
B08FCKH4D9,265
B0785614K2,302
B07L93H54B,86
B08NWVLW9N,231
B0074UZV2G,419
B07X7DBQRS,304
B07DQB17XT,292
B083BGVL8L,886
B076H8TY3D,547
B005NTRDI0,480
B000LKVB6Q,419
B077X4W2N2,246
0735224315,158
B000LZSCCC,311
B085HML2M2,730
B00ZRA7YE8,215
B07WG6GB9T,290
B07HB1DV1M,532
B00AWLRLYK,360
B07L6GZG1F,289
B003OCPG82,340
B00GGVPKKC,375
B0092B56A2,413
0525646264,145
B08HCLR6QK,653
B081TFFJCJ,541
B09BDTZ931,273
B07D9V5LKP,354
0060924632,136
B07D6W8GZS,468
B093TSY1V3,325
B07RBTMG78,828
B004H2QWDQ,515
B00LHK6XU8,50
B01BGU4S28,501
B01BP8PLMM,731
B08KFMRJMC,415
B07R2P7RR6,771
B07WGJ13VR,901
B007X4SZZI,454
B07H7ZQK7Q,607
B0752GGGZW,82
B077RZSXXT,249
B07MTYRFMZ,319
B076Z79XRX,238
B07RYBPCCF,498
B07M9CGWMN,235
B07GBTY9Y8,290
B083T99JQ5,872
B07NQG1S6Z,340
B0073C4YGY,558
B075R4X1XL,843
B01NASAYPL,264
B07R9LQY6L,400
B00UXVNIBE,738
B005LURBFQ,411
B07DS13B1F,843
B075XJ17V3,319
B086CY5GK6,276
B07FW4NGJH,734
B01MQ1WOII,499
B0719BDRY2,520
B07R8D33RP,501
B07NS6MZ21,571
B01H1UG3NE,356
B0768Y89FZ,272
B01M3QL75X,861
B07M7LMXTJ,829
B00166J3ZA,717
B08CVTJ1X1,661
B08L55H8B2,836
B07M7JL4QL,257
B08BRMBJGN,279
B08YH6X4HC,514
B01N3A73IY,185
B01D3KHBNM,460
B078YT14RQ,230
B002HQ9UBU,68
B07Q5XNWMW,195
B07JVNYM51,294
0830846190,146
B003O3F2R6,682
B082WSNYD3,84
1610020243,154
B07TCMTHC3,17
B005HWM7V6,336
B074CK4Y64,261
B00L3NLHNM,570
B075TFBB67,342
B00AF7WUO2,589
B086YPZJRC,154
